"Date","Time","OpenBid","HighBid","LowBid","CloseBid","OpenAsk","HighAsk","LowAsk","CloseAsk","Total Ticks"
12/04/2018,19:19:00,1.13391,1.13397,1.13379,1.13387,1.13403,1.13408,1.13391,1.134,257
12/04/2018,19:20:00,1.13387,1.13388,1.13378,1.13381,1.134,1.134,1.13391,1.13394,231
12/04/2018,19:21:00,1.13381,1.13401,1.13378,1.13393,1.13394,1.13414,1.13391,1.13406,302
12/04/2018,19:22:00,1.13393,1.13414,1.13392,1.134,1.13406,1.13427,1.13404,1.13412,264
12/04/2018,19:23:00,1.134,1.13412,1.13395,1.13411,1.13412,1.13425,1.13407,1.13424,198
12/04/2018,19:24:00,1.13411,1.13428,1.13411,1.13426,1.13424,1.1344,1.13424,1.13439,88
12/04/2018,19:25:00,1.13426,1.13426,1.13414,1.13422,1.13439,1.13439,1.13426,1.13435,214
12/04/2018,19:26:00,1.13422,1.13428,1.13419,1.13422,1.13435,1.13441,1.13432,1.13434,170
12/04/2018,19:27:00,1.13422,1.13423,1.13415,1.13415,1.13434,1.13436,1.13428,1.13428,84
12/04/2018,19:28:00,1.13415,1.1342,1.13411,1.13412,1.13428,1.13431,1.13423,1.13424,123
12/04/2018,19:29:00,1.13412,1.13418,1.13408,1.13412,1.13424,1.13431,1.13421,1.13425,206
12/04/2018,19:30:00,1.13412,1.13424,1.13409,1.13419,1.13425,1.13438,1.13421,1.13432,252
12/04/2018,19:31:00,1.13419,1.13419,1.13408,1.13412,1.13432,1.13432,1.1342,1.13424,170
12/04/2018,19:32:00,1.13412,1.13412,1.13406,1.13412,1.13424,1.13425,1.13418,1.13425,143
12/04/2018,19:33:00,1.13412,1.13418,1.13407,1.13416,1.13425,1.1343,1.1342,1.13429,103
12/04/2018,19:34:00,1.13416,1.13425,1.13412,1.13423,1.13429,1.13437,1.13425,1.13436,96
12/04/2018,19:35:00,1.13423,1.13423,1.13413,1.13416,1.13436,1.13436,1.13426,1.13429,233
12/04/2018,19:36:00,1.13416,1.13417,1.13405,1.13407,1.13429,1.1343,1.13417,1.1342,107
12/04/2018,19:37:00,1.13407,1.13414,1.13397,1.13402,1.1342,1.13426,1.1341,1.13414,146
12/04/2018,19:38:00,1.13402,1.13408,1.13401,1.13403,1.13414,1.1342,1.13414,1.13415,85
12/04/2018,19:39:00,1.13403,1.13417,1.13394,1.13412,1.13415,1.13428,1.13407,1.13424,202
12/04/2018,19:40:00,1.13412,1.13412,1.13389,1.13398,1.13424,1.13424,1.13402,1.1341,171
12/04/2018,19:41:00,1.13398,1.13403,1.13395,1.13397,1.1341,1.13414,1.13408,1.13409,56
12/04/2018,19:42:00,1.13397,1.13402,1.13389,1.13391,1.13409,1.13414,1.13401,1.13404,142
12/04/2018,19:43:00,1.13391,1.13402,1.1339,1.13401,1.13404,1.13414,1.13403,1.13413,109
12/04/2018,19:44:00,1.13401,1.13411,1.13398,1.13411,1.13413,1.13423,1.13409,1.13422,193
12/04/2018,19:45:00,1.13411,1.13416,1.13402,1.13412,1.13422,1.13429,1.13414,1.13425,365
12/04/2018,19:46:00,1.13412,1.13418,1.13409,1.13416,1.13425,1.13429,1.13421,1.13429,183
12/04/2018,19:47:00,1.13416,1.13418,1.13398,1.13406,1.13429,1.13431,1.1341,1.13418,338
12/04/2018,19:48:00,1.13406,1.13406,1.13392,1.13392,1.13418,1.13418,1.13405,1.13405,341
12/04/2018,19:49:00,1.13392,1.13401,1.1339,1.134,1.13405,1.13414,1.13401,1.13414,245
12/04/2018,19:50:00,1.134,1.13415,1.13398,1.134,1.13414,1.13428,1.13411,1.13414,176
12/04/2018,19:51:00,1.134,1.13401,1.1339,1.13395,1.13414,1.13414,1.13403,1.13409,165
12/04/2018,19:52:00,1.13395,1.13405,1.13392,1.13403,1.13409,1.13418,1.13405,1.13416,184
12/04/2018,19:53:00,1.13403,1.13412,1.134,1.1341,1.13416,1.13424,1.13413,1.13423,142
12/04/2018,19:54:00,1.1341,1.1341,1.13399,1.13405,1.13423,1.13423,1.13412,1.13418,139
12/04/2018,19:55:00,1.13405,1.13406,1.13395,1.13397,1.13418,1.13419,1.13409,1.1341,97
12/04/2018,19:56:00,1.13397,1.13406,1.13394,1.13405,1.1341,1.13418,1.13407,1.13417,215
12/04/2018,19:57:00,1.13405,1.13421,1.13405,1.13416,1.13417,1.13434,1.13416,1.13429,101
12/04/2018,19:58:00,1.13416,1.13421,1.13402,1.13402,1.13429,1.13434,1.13415,1.13415,256
12/04/2018,19:59:00,1.13402,1.13416,1.13401,1.1341,1.13415,1.13428,1.13414,1.13423,509
12/04/2018,20:00:00,1.1341,1.13417,1.13409,1.13415,1.13423,1.1343,1.13422,1.13428,212
12/04/2018,20:01:00,1.13415,1.13421,1.13406,1.13414,1.13428,1.13434,1.13419,1.13428,205
12/04/2018,20:02:00,1.13414,1.13426,1.13412,1.1342,1.13428,1.13439,1.13425,1.13432,137
12/04/2018,20:03:00,1.1342,1.13421,1.13413,1.13416,1.13432,1.13434,1.13426,1.13429,118
12/04/2018,20:04:00,1.13416,1.1342,1.13413,1.13417,1.13429,1.13432,1.13427,1.13431,63
12/04/2018,20:05:00,1.13417,1.1342,1.13415,1.13416,1.13431,1.13432,1.13428,1.1343,124
12/04/2018,20:06:00,1.13416,1.13417,1.13407,1.13408,1.1343,1.1343,1.13419,1.13421,86
12/04/2018,20:07:00,1.13408,1.13416,1.13399,1.13407,1.13421,1.13429,1.13411,1.1342,258
12/04/2018,20:08:00,1.13407,1.13416,1.13404,1.13405,1.1342,1.13429,1.13417,1.13418,224
12/04/2018,20:09:00,1.13405,1.13418,1.13402,1.13414,1.13418,1.1343,1.13415,1.13426,217
12/04/2018,20:10:00,1.13414,1.13416,1.13406,1.1341,1.13426,1.13429,1.13419,1.13423,238
12/04/2018,20:11:00,1.1341,1.1342,1.13408,1.13413,1.13423,1.13433,1.13422,1.13426,126
12/04/2018,20:12:00,1.13413,1.13415,1.13404,1.13404,1.13426,1.13427,1.13417,1.13417,154
12/04/2018,20:13:00,1.13404,1.13407,1.13396,1.134,1.13417,1.13417,1.13407,1.13413,162
12/04/2018,20:14:00,1.134,1.13411,1.134,1.13402,1.13413,1.13424,1.13412,1.13415,124
12/04/2018,20:15:00,1.13402,1.1342,1.13402,1.13417,1.13415,1.13433,1.13415,1.13431,234
12/04/2018,20:16:00,1.13417,1.13418,1.13411,1.13413,1.13431,1.13431,1.13424,1.13426,141
12/04/2018,20:17:00,1.13413,1.13425,1.13413,1.13413,1.13426,1.13437,1.13424,1.13424,185
12/04/2018,20:18:00,1.13413,1.13422,1.13413,1.13417,1.13424,1.13434,1.13424,1.13429,135
12/04/2018,20:19:00,1.13417,1.13422,1.13414,1.13414,1.13429,1.13434,1.13425,1.13426,181
12/04/2018,20:20:00,1.13414,1.13415,1.13406,1.13411,1.13426,1.13428,1.13419,1.13424,124
12/04/2018,20:21:00,1.13411,1.13411,1.13386,1.13389,1.13424,1.13424,1.13398,1.13402,241
12/04/2018,20:22:00,1.13389,1.13397,1.13384,1.13397,1.13402,1.13409,1.13397,1.13409,115
12/04/2018,20:23:00,1.13397,1.13403,1.13391,1.13399,1.13409,1.13416,1.13403,1.13412,95
12/04/2018,20:24:00,1.13399,1.13403,1.13397,1.13401,1.13412,1.13415,1.1341,1.13412,73
12/04/2018,20:25:00,1.13401,1.13411,1.134,1.1341,1.13412,1.13424,1.13412,1.13423,108
12/04/2018,20:26:00,1.1341,1.13415,1.13405,1.13408,1.13423,1.13428,1.13419,1.13422,87
12/04/2018,20:27:00,1.13408,1.13408,1.13392,1.13393,1.13422,1.13422,1.13404,1.13406,139
12/04/2018,20:28:00,1.13393,1.13401,1.13392,1.134,1.13406,1.13414,1.13406,1.13413,158
12/04/2018,20:29:00,1.134,1.13405,1.13393,1.13394,1.13413,1.13418,1.13405,1.13406,124
12/04/2018,20:30:00,1.13394,1.1341,1.13394,1.13401,1.13406,1.13423,1.13406,1.13413,228
12/04/2018,20:31:00,1.13401,1.13402,1.13394,1.13396,1.13413,1.13414,1.13407,1.13409,178
12/04/2018,20:32:00,1.13396,1.13411,1.13395,1.13411,1.13409,1.13425,1.13408,1.13424,194
12/04/2018,20:33:00,1.13411,1.13417,1.13408,1.13409,1.13424,1.1343,1.1342,1.13423,125
12/04/2018,20:34:00,1.13409,1.13412,1.13404,1.1341,1.13423,1.13425,1.13416,1.13422,156
12/04/2018,20:35:00,1.1341,1.13413,1.13407,1.13407,1.13422,1.13425,1.1342,1.1342,91
12/04/2018,20:36:00,1.13407,1.13411,1.13404,1.13409,1.1342,1.13424,1.13417,1.13422,131
12/04/2018,20:37:00,1.13409,1.13416,1.13408,1.13411,1.13422,1.13429,1.13421,1.13424,58
12/04/2018,20:38:00,1.13411,1.13412,1.13394,1.13403,1.13424,1.13425,1.13405,1.13416,243
12/04/2018,20:39:00,1.13403,1.13406,1.13401,1.13401,1.13416,1.13419,1.13414,1.13414,214
12/04/2018,20:40:00,1.13401,1.13405,1.13394,1.13401,1.13414,1.13417,1.13407,1.13413,139
12/04/2018,20:41:00,1.13401,1.13406,1.134,1.13401,1.13413,1.13417,1.13412,1.13413,75
12/04/2018,20:42:00,1.13401,1.13406,1.13396,1.13405,1.13413,1.13419,1.13408,1.13417,113
12/04/2018,20:43:00,1.13405,1.13405,1.134,1.13405,1.13417,1.13418,1.13413,1.13418,58
12/04/2018,20:44:00,1.13405,1.13406,1.13399,1.13402,1.13418,1.13418,1.13411,1.13414,97
12/04/2018,20:45:00,1.13402,1.13406,1.13396,1.13397,1.13414,1.13418,1.13408,1.13411,139
12/04/2018,20:46:00,1.13397,1.13404,1.13395,1.13401,1.13411,1.13416,1.13408,1.13413,88
12/04/2018,20:47:00,1.13401,1.13406,1.13392,1.13397,1.13413,1.13419,1.13403,1.13409,123
12/04/2018,20:48:00,1.13397,1.13401,1.13395,1.13399,1.13409,1.13414,1.13409,1.13411,127
12/04/2018,20:49:00,1.13399,1.13401,1.13396,1.13399,1.13411,1.13413,1.13409,1.13412,77
12/04/2018,20:50:00,1.13399,1.13417,1.13397,1.13414,1.13412,1.1343,1.13409,1.13428,135
12/04/2018,20:51:00,1.13414,1.13422,1.13409,1.1341,1.13428,1.13431,1.13422,1.13422,125
12/04/2018,20:52:00,1.1341,1.13412,1.13405,1.13406,1.13422,1.13424,1.13418,1.13419,46
12/04/2018,20:53:00,1.13406,1.1341,1.13402,1.13409,1.13419,1.13424,1.13416,1.13422,71
12/04/2018,20:54:00,1.13409,1.13415,1.13405,1.1341,1.13422,1.13428,1.13419,1.13423,94
12/04/2018,20:55:00,1.1341,1.13419,1.13409,1.13417,1.13423,1.13432,1.13422,1.13429,153
12/04/2018,20:56:00,1.13417,1.13417,1.13414,1.13415,1.13429,1.1343,1.13427,1.13427,62
12/04/2018,20:57:00,1.13415,1.13415,1.13393,1.13397,1.13427,1.13428,1.13406,1.1341,169
12/04/2018,20:58:00,1.13397,1.134,1.13386,1.13387,1.1341,1.13413,1.13399,1.134,130
12/04/2018,20:59:00,1.13387,1.13391,1.1337,1.13371,1.134,1.13403,1.13381,1.13384,276
12/04/2018,21:00:00,1.13371,1.13384,1.13368,1.1338,1.13384,1.13396,1.1338,1.13393,319
12/04/2018,21:01:00,1.1338,1.13382,1.13374,1.1338,1.13393,1.13394,1.13388,1.13393,64
12/04/2018,21:02:00,1.1338,1.13388,1.1338,1.13385,1.13393,1.134,1.13393,1.13399,66
12/04/2018,21:03:00,1.13385,1.13391,1.13384,1.1339,1.13399,1.13404,1.13398,1.13404,65
12/04/2018,21:04:00,1.1339,1.13402,1.13386,1.13402,1.13404,1.13414,1.134,1.13414,50
12/04/2018,21:05:00,1.13402,1.13407,1.13401,1.13402,1.13414,1.1342,1.13413,1.13415,40
12/04/2018,21:06:00,1.13402,1.13403,1.13402,1.13403,1.13415,1.13416,1.13415,1.13415,14
12/04/2018,21:07:00,1.13403,1.13411,1.13402,1.13406,1.13415,1.13424,1.13415,1.13418,54
12/04/2018,21:08:00,1.13406,1.1341,1.13404,1.13405,1.13418,1.13423,1.13418,1.13418,62
12/04/2018,21:09:00,1.13405,1.13411,1.13404,1.13406,1.13418,1.13424,1.13417,1.1342,44
12/04/2018,21:10:00,1.13406,1.13407,1.13402,1.13406,1.1342,1.1342,1.13415,1.13418,67
12/04/2018,21:11:00,1.13406,1.13407,1.13404,1.13407,1.13418,1.1342,1.13417,1.1342,29
12/04/2018,21:12:00,1.13407,1.13408,1.13402,1.13407,1.1342,1.13421,1.13415,1.1342,93
12/04/2018,21:13:00,1.13407,1.13409,1.13406,1.13407,1.1342,1.13422,1.13419,1.13421,43
12/04/2018,21:14:00,1.13407,1.13407,1.13402,1.13407,1.13421,1.13422,1.13416,1.1342,52
12/04/2018,21:15:00,1.13407,1.13409,1.13407,1.13409,1.1342,1.13423,1.1342,1.13421,20
12/04/2018,21:16:00,1.13409,1.13412,1.13409,1.13409,1.13421,1.13425,1.13421,1.13421,56
12/04/2018,21:17:00,1.13409,1.13409,1.13407,1.13408,1.13421,1.13422,1.13421,1.13421,25
12/04/2018,21:18:00,1.13408,1.13408,1.13405,1.13407,1.13421,1.13422,1.13415,1.13421,40
12/04/2018,21:19:00,1.13407,1.13417,1.13407,1.13413,1.13421,1.13431,1.13421,1.13426,38
12/04/2018,21:20:00,1.13413,1.13414,1.13412,1.13414,1.13426,1.13427,1.13425,1.13426,112
12/04/2018,21:21:00,1.13414,1.13414,1.13414,1.13414,1.13426,1.13427,1.13425,1.13426,85
12/04/2018,21:22:00,1.13414,1.13414,1.13412,1.13412,1.13426,1.13426,1.13424,1.13424,3
12/04/2018,21:23:00,1.13412,1.13413,1.13412,1.13412,1.13424,1.13426,1.13424,1.13425,25
12/04/2018,21:24:00,1.13412,1.13412,1.13409,1.13411,1.13425,1.13426,1.13422,1.13425,26
12/04/2018,21:25:00,1.13411,1.13414,1.13411,1.13413,1.13425,1.13427,1.13424,1.13426,11
12/04/2018,21:26:00,1.13413,1.13419,1.13412,1.13419,1.13426,1.13432,1.13424,1.1343,42
12/04/2018,21:27:00,1.13419,1.13419,1.13412,1.13412,1.1343,1.13431,1.13422,1.13426,150
12/04/2018,21:28:00,1.13412,1.13412,1.13407,1.13407,1.13426,1.13426,1.1342,1.1342,36
12/04/2018,21:29:00,1.13407,1.13411,1.13406,1.13407,1.1342,1.13425,1.13419,1.1342,83
12/04/2018,21:30:00,1.13407,1.1341,1.13403,1.13407,1.1342,1.13424,1.13415,1.13419,92
12/04/2018,21:31:00,1.13407,1.13407,1.13403,1.13405,1.13419,1.1342,1.13416,1.13418,41
12/04/2018,21:32:00,1.13405,1.13409,1.13404,1.13409,1.13418,1.13421,1.13418,1.1342,14
12/04/2018,21:33:00,1.13409,1.13409,1.13402,1.13406,1.1342,1.1342,1.13415,1.1342,66
12/04/2018,21:34:00,1.13406,1.13406,1.13402,1.13403,1.1342,1.13421,1.13415,1.13416,75
12/04/2018,21:35:00,1.13403,1.13404,1.13403,1.13404,1.13416,1.13417,1.13414,1.13417,12
12/04/2018,21:36:00,1.13404,1.13413,1.13404,1.13413,1.13417,1.13423,1.13416,1.13423,109
12/04/2018,21:37:00,1.13413,1.1342,1.1341,1.13417,1.13423,1.1343,1.13421,1.13429,70
12/04/2018,21:38:00,1.13417,1.13417,1.13408,1.13413,1.13429,1.13429,1.13422,1.13425,99
12/04/2018,21:39:00,1.13413,1.13424,1.13413,1.13421,1.13425,1.13436,1.13425,1.13434,64
12/04/2018,21:40:00,1.13421,1.13422,1.13419,1.13421,1.13434,1.13435,1.13433,1.13435,18
12/04/2018,21:41:00,1.13421,1.13426,1.13421,1.13422,1.13435,1.13437,1.13434,1.13435,19
12/04/2018,21:42:00,1.13422,1.13424,1.13421,1.13424,1.13435,1.13436,1.13434,1.13435,19
12/04/2018,21:43:00,1.13424,1.13424,1.13416,1.13418,1.13435,1.13436,1.13429,1.1343,27
12/04/2018,21:44:00,1.13418,1.13422,1.13417,1.13422,1.1343,1.13435,1.13429,1.13435,22
12/04/2018,21:45:00,1.13422,1.13422,1.13413,1.13417,1.13435,1.13435,1.13426,1.1343,67
12/04/2018,21:46:00,1.13417,1.13418,1.13416,1.13417,1.1343,1.13431,1.13429,1.1343,26
12/04/2018,21:47:00,1.13417,1.13422,1.13412,1.13419,1.1343,1.13434,1.13424,1.13431,82
12/04/2018,21:48:00,1.13419,1.13422,1.13415,1.13416,1.13431,1.13435,1.13425,1.13425,51
12/04/2018,21:49:00,1.13416,1.13416,1.13414,1.13416,1.13425,1.13429,1.13423,1.13429,122
12/04/2018,21:50:00,1.13416,1.13416,1.13411,1.13415,1.13429,1.13429,1.13424,1.13428,61
12/04/2018,21:51:00,1.13415,1.13415,1.13411,1.13411,1.13428,1.13428,1.13424,1.13425,18
12/04/2018,21:52:00,1.13411,1.13411,1.1341,1.13411,1.13425,1.13425,1.13424,1.13424,33
12/04/2018,21:53:00,1.13411,1.13414,1.13408,1.13412,1.13424,1.13428,1.13422,1.13426,61
12/04/2018,21:54:00,1.13412,1.13416,1.13409,1.13416,1.13426,1.13429,1.13422,1.13429,63
12/04/2018,21:55:00,1.13416,1.13416,1.13406,1.1341,1.13429,1.13429,1.13419,1.13423,54
12/04/2018,21:56:00,1.1341,1.13416,1.1341,1.13415,1.13423,1.13428,1.13422,1.13428,46
12/04/2018,21:57:00,1.13415,1.13415,1.13411,1.13415,1.13428,1.13429,1.13425,1.13429,102
12/04/2018,21:58:00,1.13415,1.13417,1.1341,1.13411,1.13429,1.13431,1.13425,1.1343,54
12/04/2018,21:59:00,1.13411,1.13419,1.13408,1.13416,1.1343,1.13447,1.1343,1.13447,374
12/04/2018,22:00:00,1.13416,1.1342,1.13416,1.1342,1.13447,1.13456,1.13447,1.13451,11
12/04/2018,22:01:00,1.1342,1.1342,1.13402,1.13402,1.13451,1.13456,1.13442,1.13442,14
12/04/2018,22:02:00,1.13402,1.13402,1.13402,1.13402,1.13442,1.13447,1.13442,1.13447,1
12/04/2018,22:03:00,1.13402,1.13432,1.134,1.13409,1.13447,1.1345,1.13447,1.13449,9
12/04/2018,22:04:00,1.13409,1.13418,1.13409,1.13418,1.13449,1.13452,1.13449,1.13451,7
12/04/2018,22:05:00,1.13418,1.13421,1.13413,1.13413,1.13451,1.13451,1.13446,1.13451,176
12/04/2018,22:06:00,1.13413,1.13413,1.13413,1.13413,1.13451,1.13451,1.13409,1.13442,17
12/04/2018,22:07:00,1.13413,1.13413,1.13408,1.13408,1.13442,1.13443,1.13441,1.13442,56
12/04/2018,22:08:00,1.13408,1.13412,1.13408,1.13411,1.13442,1.13446,1.1344,1.13446,23
12/04/2018,22:09:00,1.13411,1.13413,1.13409,1.13413,1.13446,1.13446,1.13446,1.13446,3
12/04/2018,22:10:00,1.13413,1.13415,1.13412,1.13413,1.13446,1.13446,1.13436,1.13437,70
12/04/2018,22:11:00,1.13413,1.13414,1.13411,1.13411,1.13437,1.13441,1.13436,1.1344,45
12/04/2018,22:12:00,1.13411,1.13412,1.13408,1.1341,1.1344,1.13441,1.1344,1.1344,78
12/04/2018,22:13:00,1.1341,1.13411,1.13408,1.13411,1.1344,1.13443,1.13436,1.13443,52
12/04/2018,22:14:00,1.13411,1.13411,1.13411,1.13411,1.13443,1.13443,1.13439,1.13443,17
12/04/2018,22:15:00,1.13411,1.13414,1.13406,1.13413,1.13443,1.13451,1.13437,1.13449,57
12/04/2018,22:16:00,1.13413,1.13413,1.13412,1.13412,1.13449,1.13449,1.13443,1.13446,8
12/04/2018,22:17:00,1.13412,1.13415,1.13412,1.13413,1.13446,1.13452,1.13446,1.1345,13
12/04/2018,22:18:00,1.13413,1.13421,1.13411,1.13412,1.1345,1.13453,1.1345,1.13452,39
12/04/2018,22:19:00,1.13412,1.13417,1.1341,1.1341,1.13452,1.13453,1.13441,1.13441,17
12/04/2018,22:20:00,1.1341,1.13411,1.13408,1.13409,1.13441,1.13441,1.13437,1.13439,17
12/04/2018,22:21:00,1.13409,1.13411,1.13408,1.13411,1.13439,1.13441,1.13437,1.13441,9
12/04/2018,22:22:00,1.13411,1.13414,1.1341,1.1341,1.13441,1.13443,1.13435,1.1344,17
12/04/2018,22:23:00,1.1341,1.13434,1.13408,1.1341,1.1344,1.13454,1.13437,1.13446,45
12/04/2018,22:25:00,1.1341,1.13416,1.13406,1.13407,1.13446,1.13446,1.13436,1.13436,28
12/04/2018,22:26:00,1.13407,1.1341,1.13406,1.13409,1.13436,1.13438,1.13435,1.13438,24
12/04/2018,22:27:00,1.13409,1.13411,1.13409,1.13411,1.13438,1.13438,1.13438,1.13438,1
12/04/2018,22:28:00,1.13411,1.13411,1.13409,1.13409,1.13438,1.13438,1.13438,1.13438,6
12/04/2018,22:29:00,1.13409,1.1341,1.13409,1.1341,1.13438,1.13438,1.13438,1.13438,1
12/04/2018,22:30:00,1.1341,1.13418,1.13409,1.13415,1.13438,1.13438,1.13438,1.13438,21
12/04/2018,22:31:00,1.13415,1.13417,1.13414,1.13415,1.13438,1.13438,1.13438,1.13438,6
12/04/2018,22:32:00,1.13415,1.13418,1.13413,1.13413,1.13438,1.13439,1.13437,1.13437,10
12/04/2018,22:33:00,1.13413,1.13414,1.13407,1.13407,1.13437,1.13439,1.13426,1.13426,41
12/04/2018,22:34:00,1.13407,1.13411,1.13406,1.13409,1.13426,1.13428,1.13425,1.13428,23
12/04/2018,22:35:00,1.13409,1.13418,1.13409,1.13416,1.13428,1.13435,1.13428,1.13433,53
12/04/2018,22:36:00,1.13416,1.13416,1.13416,1.13416,1.13433,1.13433,1.13432,1.13432,7
12/04/2018,22:37:00,1.13416,1.13416,1.13416,1.13416,1.13432,1.13433,1.13432,1.13432,4
12/04/2018,22:38:00,1.13416,1.13416,1.13416,1.13416,1.13432,1.13434,1.13432,1.13432,3
12/04/2018,22:39:00,1.13416,1.13416,1.13395,1.13396,1.13432,1.13432,1.13414,1.13416,53
12/04/2018,22:40:00,1.13396,1.13411,1.13392,1.13406,1.13416,1.13436,1.13414,1.13436,135
12/04/2018,22:41:00,1.13406,1.13414,1.13403,1.13413,1.13436,1.13436,1.13429,1.13436,220
12/04/2018,22:42:00,1.13413,1.13424,1.13408,1.13422,1.13436,1.13444,1.13436,1.13441,29
12/04/2018,22:43:00,1.13422,1.13422,1.13374,1.13396,1.13441,1.13445,1.13413,1.13434,1004
12/04/2018,22:44:00,1.13396,1.13418,1.13393,1.13412,1.13434,1.13445,1.13432,1.13444,1255
12/04/2018,22:45:00,1.13412,1.13416,1.13408,1.13411,1.13444,1.13446,1.1344,1.13441,343
12/04/2018,22:46:00,1.13411,1.13412,1.13408,1.13411,1.13441,1.13444,1.13439,1.1344,75
12/04/2018,22:47:00,1.13411,1.13411,1.13407,1.13408,1.1344,1.13444,1.13436,1.13443,144
12/04/2018,22:48:00,1.13408,1.13422,1.13388,1.13399,1.13443,1.13445,1.13408,1.13419,366
12/04/2018,22:49:00,1.13399,1.13415,1.1338,1.13408,1.13419,1.13449,1.13404,1.1344,494
12/04/2018,22:50:00,1.13408,1.1342,1.13387,1.13389,1.1344,1.13451,1.13413,1.13423,850
12/04/2018,22:51:00,1.13389,1.13413,1.13385,1.13411,1.13423,1.13445,1.13406,1.13441,519
12/04/2018,22:52:00,1.13411,1.13413,1.13385,1.1339,1.13441,1.13447,1.13406,1.13408,186
12/04/2018,22:53:00,1.1339,1.13417,1.13387,1.13404,1.13408,1.13449,1.13408,1.13442,260
12/04/2018,22:54:00,1.13404,1.13405,1.13388,1.13394,1.13442,1.13444,1.13406,1.13419,240
12/04/2018,22:55:00,1.13394,1.13423,1.13389,1.13391,1.13419,1.13449,1.13419,1.13424,267
12/04/2018,22:56:00,1.13391,1.13398,1.1339,1.13398,1.13424,1.13434,1.13424,1.13434,86
12/04/2018,22:57:00,1.13398,1.13409,1.13397,1.13409,1.13434,1.13436,1.13433,1.13436,84
12/04/2018,22:58:00,1.13409,1.13409,1.13406,1.13407,1.13436,1.13436,1.13434,1.13435,21
12/04/2018,22:59:00,1.13407,1.13411,1.134,1.134,1.13435,1.13436,1.13425,1.13425,58
12/04/2018,23:00:00,1.134,1.13439,1.13399,1.13439,1.13425,1.13454,1.13418,1.13454,193
12/04/2018,23:01:00,1.13439,1.13441,1.13431,1.13433,1.13454,1.13455,1.13446,1.13446,55
12/04/2018,23:02:00,1.13433,1.13433,1.13426,1.13427,1.13446,1.13449,1.13441,1.13442,37
12/04/2018,23:03:00,1.13427,1.13428,1.13424,1.13425,1.13442,1.13443,1.13437,1.13442,39
12/04/2018,23:04:00,1.13425,1.13428,1.13423,1.13424,1.13442,1.13444,1.13439,1.13442,30
12/04/2018,23:05:00,1.13424,1.13426,1.1342,1.13421,1.13442,1.13444,1.13435,1.13438,34
12/04/2018,23:06:00,1.13421,1.13424,1.13421,1.13423,1.13438,1.13439,1.13436,1.13436,26
12/04/2018,23:07:00,1.13423,1.13427,1.13422,1.13426,1.13436,1.13441,1.13436,1.1344,15
12/04/2018,23:08:00,1.13426,1.13427,1.13426,1.13427,1.1344,1.13441,1.1344,1.1344,7
12/04/2018,23:09:00,1.13427,1.13427,1.13423,1.13423,1.1344,1.13442,1.13437,1.13437,17
12/04/2018,23:10:00,1.13423,1.13425,1.13423,1.13423,1.13437,1.13439,1.13437,1.13438,12
12/04/2018,23:11:00,1.13423,1.13423,1.13419,1.13422,1.13438,1.13438,1.13433,1.13436,39
12/04/2018,23:12:00,1.13422,1.13423,1.13422,1.13423,1.13436,1.13438,1.13435,1.13438,15
12/04/2018,23:13:00,1.13423,1.13428,1.13423,1.13424,1.13438,1.13442,1.13438,1.13438,22
12/04/2018,23:14:00,1.13424,1.13424,1.13419,1.13423,1.13438,1.13438,1.13431,1.13438,30
12/04/2018,23:15:00,1.13423,1.13428,1.13423,1.13425,1.13438,1.13441,1.13438,1.1344,26
12/04/2018,23:16:00,1.13425,1.13428,1.13424,1.13428,1.1344,1.13443,1.13438,1.13442,18
12/04/2018,23:17:00,1.13428,1.13428,1.13428,1.13428,1.13442,1.13443,1.13442,1.13442,2
12/04/2018,23:18:00,1.13428,1.13429,1.13428,1.13429,1.13442,1.13443,1.13442,1.13443,2
12/04/2018,23:19:00,1.13429,1.13429,1.13428,1.13428,1.13443,1.13443,1.13443,1.13443,1
12/04/2018,23:20:00,1.13428,1.1343,1.13428,1.13429,1.13443,1.13443,1.13443,1.13443,5
12/04/2018,23:21:00,1.13429,1.13429,1.13428,1.13428,1.13443,1.13443,1.13442,1.13443,3
12/04/2018,23:22:00,1.13428,1.13429,1.1342,1.13423,1.13443,1.13443,1.13434,1.13435,41
12/04/2018,23:23:00,1.13423,1.13426,1.13421,1.13421,1.13435,1.13438,1.13434,1.13434,38
12/04/2018,23:24:00,1.13421,1.13426,1.13415,1.13417,1.13434,1.13438,1.13426,1.1343,57
12/04/2018,23:25:00,1.13417,1.13425,1.13416,1.13423,1.1343,1.13436,1.1343,1.13435,47
12/04/2018,23:26:00,1.13423,1.13426,1.13422,1.13425,1.13435,1.13439,1.13435,1.13438,18
12/04/2018,23:27:00,1.13425,1.1343,1.1342,1.13421,1.13438,1.13442,1.13432,1.13433,101
12/04/2018,23:28:00,1.13421,1.13428,1.1342,1.13422,1.13433,1.13441,1.13433,1.13436,55
12/04/2018,23:29:00,1.13422,1.13429,1.13421,1.13423,1.13436,1.13442,1.13434,1.13435,85
12/04/2018,23:30:00,1.13423,1.1343,1.13423,1.13429,1.13435,1.13442,1.13435,1.13442,33
12/04/2018,23:31:00,1.13429,1.13441,1.13429,1.13439,1.13442,1.13453,1.13442,1.13453,37
12/04/2018,23:32:00,1.13439,1.13441,1.13438,1.1344,1.13453,1.13454,1.13452,1.13453,32
12/04/2018,23:33:00,1.1344,1.13441,1.13434,1.13436,1.13453,1.13454,1.13448,1.13448,62
12/04/2018,23:34:00,1.13436,1.13436,1.13425,1.13426,1.13448,1.13448,1.13438,1.13438,29
12/04/2018,23:35:00,1.13426,1.13426,1.13416,1.13418,1.13438,1.13439,1.13428,1.13432,61
12/04/2018,23:36:00,1.13418,1.1342,1.13414,1.13419,1.13432,1.13434,1.13428,1.13433,37
12/04/2018,23:37:00,1.13419,1.1342,1.13418,1.13418,1.13433,1.13434,1.13432,1.13432,23
12/04/2018,23:38:00,1.13418,1.13419,1.13418,1.13418,1.13432,1.13432,1.13431,1.13432,6
12/04/2018,23:39:00,1.13418,1.1343,1.13418,1.1343,1.13432,1.13443,1.13432,1.13443,89
12/04/2018,23:40:00,1.1343,1.1343,1.13417,1.13418,1.13443,1.13443,1.13429,1.13432,91
12/04/2018,23:41:00,1.13418,1.13419,1.13417,1.13419,1.13432,1.13434,1.13431,1.13432,31
12/04/2018,23:42:00,1.13419,1.1342,1.13418,1.1342,1.13432,1.13433,1.13432,1.13433,14
12/04/2018,23:43:00,1.1342,1.1342,1.13418,1.13419,1.13433,1.13433,1.13433,1.13433,17
12/04/2018,23:44:00,1.13419,1.13419,1.13418,1.13419,1.13433,1.13433,1.13432,1.13433,8
12/04/2018,23:45:00,1.13419,1.13421,1.13419,1.1342,1.13433,1.13434,1.13432,1.13434,19
12/04/2018,23:46:00,1.1342,1.13424,1.13419,1.1342,1.13434,1.13438,1.13433,1.13433,32
12/04/2018,23:47:00,1.1342,1.1343,1.13419,1.1343,1.13433,1.13443,1.13433,1.13443,59
12/04/2018,23:48:00,1.1343,1.13432,1.13419,1.1342,1.13443,1.13447,1.13433,1.13433,98
12/04/2018,23:49:00,1.1342,1.13431,1.1341,1.1343,1.13433,1.13444,1.13425,1.13443,152
12/04/2018,23:50:00,1.1343,1.1343,1.13421,1.13423,1.13443,1.13444,1.13434,1.13437,54
12/04/2018,23:51:00,1.13423,1.13425,1.13421,1.13424,1.13437,1.13439,1.13434,1.13438,39
12/04/2018,23:52:00,1.13424,1.13425,1.1342,1.1342,1.13438,1.13439,1.13434,1.13434,44
12/04/2018,23:54:00,1.1342,1.1343,1.1342,1.13429,1.13434,1.13442,1.13433,1.13442,77
12/04/2018,23:55:00,1.13429,1.1343,1.13424,1.13429,1.13442,1.13443,1.13438,1.13442,46
12/04/2018,23:56:00,1.13429,1.13429,1.13418,1.13423,1.13442,1.13443,1.13432,1.13437,41
12/04/2018,23:57:00,1.13423,1.13423,1.13417,1.13419,1.13437,1.13437,1.13432,1.13432,71
12/04/2018,23:58:00,1.13419,1.13421,1.13418,1.13419,1.13432,1.13435,1.13432,1.13432,42
12/04/2018,23:59:00,1.13419,1.13419,1.13414,1.13418,1.13432,1.13433,1.13426,1.13432,73
12/05/2018,00:00:00,1.13418,1.1343,1.13418,1.13425,1.13432,1.13444,1.13428,1.13439,118
12/05/2018,00:01:00,1.13425,1.13425,1.13424,1.13425,1.13439,1.13439,1.13438,1.13438,8
12/05/2018,00:02:00,1.13425,1.13426,1.13424,1.13426,1.13438,1.13439,1.13437,1.13439,18
12/05/2018,00:03:00,1.13426,1.13426,1.13414,1.13414,1.13439,1.13439,1.13427,1.13427,37
12/05/2018,00:04:00,1.13414,1.13427,1.13413,1.13425,1.13427,1.13439,1.13424,1.13438,73
12/05/2018,00:05:00,1.13425,1.1344,1.1342,1.1344,1.13438,1.13454,1.13433,1.13454,108
12/05/2018,00:06:00,1.1344,1.13451,1.13437,1.13449,1.13454,1.13464,1.13449,1.13462,219
12/05/2018,00:07:00,1.13449,1.1345,1.13432,1.13435,1.13462,1.13464,1.13446,1.13449,71
12/05/2018,00:08:00,1.13435,1.13458,1.13435,1.13448,1.13449,1.1347,1.13449,1.13461,94
12/05/2018,00:09:00,1.13448,1.13453,1.13448,1.1345,1.13461,1.13465,1.1346,1.13464,65
12/05/2018,00:10:00,1.1345,1.13454,1.1343,1.1344,1.13464,1.13464,1.13442,1.13454,173
12/05/2018,00:11:00,1.1344,1.13444,1.13433,1.13435,1.13454,1.13456,1.13444,1.13448,80
12/05/2018,00:12:00,1.13435,1.13442,1.13433,1.13435,1.13448,1.13454,1.13444,1.13444,85
12/05/2018,00:13:00,1.13435,1.13443,1.13432,1.1344,1.13444,1.13454,1.13443,1.13453,166
12/05/2018,00:14:00,1.1344,1.13444,1.13435,1.13439,1.13453,1.13455,1.13449,1.13453,95
12/05/2018,00:15:00,1.13439,1.13442,1.13432,1.13435,1.13453,1.13454,1.13443,1.13446,86
12/05/2018,00:16:00,1.13435,1.1344,1.1342,1.13421,1.13446,1.13453,1.13433,1.13434,137
12/05/2018,00:17:00,1.13421,1.13426,1.1342,1.13425,1.13434,1.13439,1.13433,1.13438,61
12/05/2018,00:18:00,1.13425,1.13427,1.1342,1.13425,1.13438,1.1344,1.13433,1.13438,104
12/05/2018,00:19:00,1.13425,1.13425,1.1342,1.13421,1.13438,1.13438,1.13433,1.13434,49
12/05/2018,00:20:00,1.13421,1.13431,1.13421,1.1343,1.13434,1.13442,1.13434,1.13439,33
12/05/2018,00:21:00,1.1343,1.1343,1.13418,1.13418,1.13439,1.1344,1.13432,1.13432,101
12/05/2018,00:22:00,1.13418,1.13418,1.13409,1.13409,1.13432,1.13432,1.13422,1.13423,96
12/05/2018,00:23:00,1.13409,1.13412,1.13409,1.1341,1.13423,1.13425,1.13422,1.13423,20
12/05/2018,00:24:00,1.1341,1.1342,1.13409,1.1342,1.13423,1.13433,1.13422,1.13432,120
12/05/2018,00:25:00,1.1342,1.13425,1.13418,1.13425,1.13432,1.13437,1.1343,1.13437,33
12/05/2018,00:26:00,1.13425,1.13426,1.13421,1.13421,1.13437,1.13439,1.13434,1.13434,39
12/05/2018,00:27:00,1.13421,1.13425,1.1342,1.13424,1.13434,1.13438,1.13433,1.13438,34
12/05/2018,00:28:00,1.13424,1.13425,1.13422,1.13425,1.13438,1.13438,1.13435,1.13438,45
12/05/2018,00:29:00,1.13425,1.13426,1.13402,1.13405,1.13438,1.13438,1.13414,1.13418,263
12/05/2018,00:30:00,1.13405,1.13405,1.1338,1.13389,1.13418,1.13418,1.13393,1.13401,239
12/05/2018,00:31:00,1.13389,1.13398,1.1338,1.1338,1.13401,1.13409,1.13393,1.13393,235
12/05/2018,00:32:00,1.1338,1.1338,1.13366,1.13367,1.13393,1.13393,1.13378,1.13379,133
12/05/2018,00:33:00,1.13367,1.13371,1.1336,1.13362,1.13379,1.13383,1.13374,1.13375,383
12/05/2018,00:34:00,1.13362,1.13362,1.13345,1.13345,1.13375,1.13376,1.13358,1.13359,366
12/05/2018,00:35:00,1.13345,1.13372,1.13345,1.1337,1.13359,1.13384,1.13358,1.13383,357
12/05/2018,00:36:00,1.1337,1.13376,1.13364,1.1337,1.13383,1.13388,1.13376,1.13382,258
12/05/2018,00:37:00,1.1337,1.13382,1.1337,1.13372,1.13382,1.13395,1.13382,1.13382,128
12/05/2018,00:38:00,1.13372,1.13372,1.13359,1.13369,1.13382,1.13384,1.1337,1.1338,201
12/05/2018,00:39:00,1.13369,1.13375,1.13367,1.13373,1.1338,1.13388,1.13378,1.13384,151
12/05/2018,00:40:00,1.13373,1.13382,1.13371,1.13376,1.13384,1.13395,1.13383,1.13387,298
12/05/2018,00:41:00,1.13376,1.13394,1.13375,1.13391,1.13387,1.13406,1.13387,1.13404,123
12/05/2018,00:42:00,1.13391,1.13393,1.1337,1.13376,1.13404,1.13405,1.13383,1.13389,202
12/05/2018,00:43:00,1.13376,1.13376,1.13369,1.13372,1.13389,1.1339,1.13383,1.13386,56
12/05/2018,00:44:00,1.13372,1.13381,1.13371,1.1338,1.13386,1.13395,1.13385,1.13394,52
12/05/2018,00:45:00,1.1338,1.13388,1.1338,1.13383,1.13394,1.134,1.13394,1.13396,67
12/05/2018,00:46:00,1.13383,1.13386,1.13378,1.13378,1.13396,1.13399,1.13391,1.13391,35
12/05/2018,00:47:00,1.13378,1.13378,1.13366,1.1337,1.13391,1.13392,1.13378,1.13382,108
12/05/2018,00:48:00,1.1337,1.13375,1.1337,1.13373,1.13382,1.13387,1.13382,1.13386,79
12/05/2018,00:49:00,1.13373,1.13382,1.1337,1.13382,1.13386,1.13394,1.13383,1.13394,86
12/05/2018,00:50:00,1.13382,1.13386,1.1338,1.13386,1.13394,1.13399,1.13392,1.13399,60
12/05/2018,00:51:00,1.13386,1.13389,1.13385,1.13386,1.13399,1.13402,1.13397,1.13399,75
12/05/2018,00:52:00,1.13386,1.13398,1.13385,1.13385,1.13399,1.13411,1.13397,1.13398,149
12/05/2018,00:53:00,1.13385,1.1339,1.13385,1.13385,1.13398,1.13403,1.13397,1.13398,53
12/05/2018,00:54:00,1.13385,1.13402,1.13384,1.13397,1.13398,1.13413,1.13397,1.1341,129
12/05/2018,00:55:00,1.13397,1.13398,1.13387,1.1339,1.1341,1.1341,1.13399,1.13403,81
12/05/2018,00:56:00,1.1339,1.13392,1.13386,1.13387,1.13403,1.13404,1.13399,1.13399,67
12/05/2018,00:57:00,1.13387,1.13387,1.13373,1.13376,1.13399,1.134,1.13386,1.1339,117
12/05/2018,00:58:00,1.13376,1.13392,1.13376,1.1339,1.1339,1.13405,1.1339,1.13403,77
12/05/2018,00:59:00,1.1339,1.13396,1.13388,1.13392,1.13403,1.13409,1.13401,1.13406,78
12/05/2018,01:00:00,1.13392,1.13398,1.13389,1.13391,1.13406,1.1341,1.134,1.13403,234
12/05/2018,01:01:00,1.13391,1.13396,1.13383,1.1339,1.13403,1.13409,1.13395,1.13401,83
12/05/2018,01:02:00,1.1339,1.1339,1.13384,1.13385,1.13401,1.13403,1.13398,1.13398,45
12/05/2018,01:03:00,1.13385,1.13393,1.13374,1.13375,1.13398,1.13405,1.13386,1.13387,113
12/05/2018,01:04:00,1.13375,1.13375,1.13365,1.13369,1.13387,1.13387,1.13377,1.13382,53
12/05/2018,01:05:00,1.13369,1.13372,1.13361,1.13364,1.13382,1.13384,1.13374,1.13378,104
12/05/2018,01:06:00,1.13364,1.1337,1.13361,1.13369,1.13378,1.13384,1.13375,1.13383,113
12/05/2018,01:07:00,1.13369,1.13379,1.13366,1.13377,1.13383,1.13392,1.1338,1.13391,71
12/05/2018,01:08:00,1.13377,1.13385,1.13377,1.13383,1.13391,1.13398,1.1339,1.13396,90
12/05/2018,01:09:00,1.13383,1.13384,1.13365,1.13373,1.13396,1.13398,1.13378,1.13386,110
12/05/2018,01:10:00,1.13373,1.13374,1.13355,1.13359,1.13386,1.13386,1.13368,1.13372,112
12/05/2018,01:11:00,1.13359,1.13361,1.13354,1.13359,1.13372,1.13373,1.13368,1.13372,52
12/05/2018,01:12:00,1.13359,1.13359,1.13349,1.13351,1.13372,1.13372,1.13362,1.13364,99
12/05/2018,01:13:00,1.13351,1.13361,1.13351,1.1336,1.13364,1.13374,1.13364,1.13373,93
12/05/2018,01:14:00,1.1336,1.13376,1.13359,1.13375,1.13373,1.13388,1.13373,1.13387,105
12/05/2018,01:15:00,1.13375,1.13375,1.1336,1.13374,1.13387,1.13387,1.13373,1.13386,101
12/05/2018,01:16:00,1.13374,1.1338,1.13368,1.13375,1.13386,1.13391,1.1338,1.13388,172
12/05/2018,01:17:00,1.13375,1.13379,1.13369,1.13369,1.13388,1.13392,1.13382,1.13383,61
12/05/2018,01:18:00,1.13369,1.1337,1.13363,1.13365,1.13383,1.13383,1.13376,1.13377,41
12/05/2018,01:19:00,1.13365,1.13365,1.13355,1.13359,1.13377,1.13377,1.13368,1.13373,50
12/05/2018,01:20:00,1.13359,1.13364,1.13356,1.13364,1.13373,1.13377,1.13368,1.13377,47
12/05/2018,01:21:00,1.13364,1.13365,1.13359,1.13364,1.13377,1.13378,1.13371,1.13376,98
12/05/2018,01:22:00,1.13364,1.13365,1.13359,1.1336,1.13376,1.13378,1.13373,1.13373,36
12/05/2018,01:23:00,1.1336,1.13363,1.13355,1.13355,1.13373,1.13376,1.13368,1.13369,88
12/05/2018,01:24:00,1.13355,1.1336,1.13354,1.13356,1.13369,1.13373,1.13369,1.13369,33
12/05/2018,01:25:00,1.13356,1.13361,1.13356,1.13359,1.13369,1.13373,1.13369,1.13372,60
12/05/2018,01:26:00,1.13359,1.13359,1.13357,1.13358,1.13372,1.13372,1.13371,1.13371,6
12/05/2018,01:27:00,1.13358,1.13363,1.13349,1.1335,1.13371,1.13376,1.13362,1.13362,113
12/05/2018,01:28:00,1.1335,1.1335,1.13345,1.13349,1.13362,1.13362,1.13357,1.13361,47
12/05/2018,01:29:00,1.13349,1.13349,1.13345,1.13347,1.13361,1.13361,1.13358,1.1336,19
12/05/2018,01:30:00,1.13347,1.13355,1.13346,1.13353,1.1336,1.13368,1.1336,1.13367,98
12/05/2018,01:31:00,1.13353,1.13354,1.13348,1.13353,1.13367,1.13367,1.13361,1.13366,57
12/05/2018,01:32:00,1.13353,1.13359,1.13346,1.13355,1.13366,1.13372,1.13359,1.13368,140
12/05/2018,01:33:00,1.13355,1.13366,1.13355,1.13366,1.13368,1.13379,1.13368,1.13379,43
12/05/2018,01:34:00,1.13366,1.13366,1.1336,1.13365,1.13379,1.13379,1.13374,1.13378,41
12/05/2018,01:35:00,1.13365,1.13366,1.13355,1.13357,1.13378,1.13378,1.13367,1.1337,91
12/05/2018,01:36:00,1.13357,1.13357,1.13345,1.13345,1.1337,1.1337,1.13358,1.13359,95
12/05/2018,01:37:00,1.13345,1.13347,1.13336,1.13339,1.13359,1.13359,1.13349,1.13353,92
12/05/2018,01:38:00,1.13339,1.13341,1.13321,1.13324,1.13353,1.13355,1.13335,1.13338,194
12/05/2018,01:39:00,1.13324,1.13335,1.13324,1.13329,1.13338,1.13349,1.13338,1.13342,84
12/05/2018,01:40:00,1.13329,1.13329,1.13325,1.13329,1.13342,1.13343,1.13339,1.13343,61
12/05/2018,01:41:00,1.13329,1.13334,1.13326,1.13334,1.13343,1.13346,1.13338,1.13346,59
12/05/2018,01:42:00,1.13334,1.13335,1.13331,1.13334,1.13346,1.13348,1.13343,1.13348,56
12/05/2018,01:43:00,1.13334,1.13336,1.13332,1.13336,1.13348,1.13349,1.13345,1.13349,30
12/05/2018,01:44:00,1.13336,1.13336,1.13329,1.1333,1.13349,1.13349,1.13341,1.13342,58
12/05/2018,01:45:00,1.1333,1.1335,1.13329,1.13335,1.13342,1.13363,1.13342,1.13347,160
12/05/2018,01:46:00,1.13335,1.1334,1.13329,1.13339,1.13347,1.13353,1.13342,1.13352,84
12/05/2018,01:47:00,1.13339,1.13345,1.13339,1.1334,1.13352,1.13356,1.13352,1.13353,93
12/05/2018,01:48:00,1.1334,1.13342,1.13336,1.13336,1.13353,1.13354,1.13349,1.13349,51
12/05/2018,01:49:00,1.13336,1.1334,1.13329,1.1333,1.13349,1.13354,1.1334,1.13344,176
12/05/2018,01:50:00,1.1333,1.13339,1.13327,1.13333,1.13344,1.13352,1.13339,1.13346,127
12/05/2018,01:51:00,1.13333,1.13335,1.13331,1.13335,1.13346,1.13348,1.13343,1.13348,51
12/05/2018,01:52:00,1.13335,1.13335,1.13331,1.13331,1.13348,1.13349,1.13342,1.13344,44
12/05/2018,01:53:00,1.13331,1.1334,1.13329,1.1333,1.13344,1.13351,1.13341,1.13343,103
12/05/2018,01:54:00,1.1333,1.13332,1.13325,1.1333,1.13343,1.13345,1.13338,1.13343,76
12/05/2018,01:55:00,1.1333,1.13345,1.13329,1.1334,1.13343,1.13357,1.13342,1.13352,172
12/05/2018,01:56:00,1.1334,1.13341,1.13333,1.13335,1.13352,1.13354,1.13345,1.13346,141
12/05/2018,01:57:00,1.13335,1.13341,1.13331,1.13341,1.13346,1.13354,1.13344,1.13353,149
12/05/2018,01:58:00,1.13341,1.13346,1.1334,1.13341,1.13353,1.13359,1.13351,1.13354,169
12/05/2018,01:59:00,1.13341,1.13357,1.1334,1.13356,1.13354,1.13369,1.13351,1.13368,136
12/05/2018,02:00:00,1.13356,1.13356,1.13344,1.13349,1.13368,1.13368,1.13358,1.13362,190
12/05/2018,02:01:00,1.13349,1.13349,1.13336,1.13336,1.13362,1.13362,1.13349,1.13349,134
12/05/2018,02:02:00,1.13336,1.13337,1.13334,1.13335,1.13349,1.1335,1.13348,1.13348,49
12/05/2018,02:03:00,1.13335,1.13345,1.1333,1.13342,1.13348,1.13356,1.13343,1.13354,71
12/05/2018,02:04:00,1.13342,1.13342,1.13335,1.13335,1.13354,1.13355,1.13348,1.13348,62
12/05/2018,02:05:00,1.13335,1.13336,1.13335,1.13335,1.13348,1.13349,1.13347,1.13348,18
12/05/2018,02:06:00,1.13335,1.13335,1.13324,1.1333,1.13348,1.13348,1.13338,1.13343,64
12/05/2018,02:07:00,1.1333,1.13337,1.13327,1.13336,1.13343,1.1335,1.13338,1.13348,95
12/05/2018,02:08:00,1.13336,1.13339,1.13317,1.13317,1.13348,1.13352,1.1333,1.1333,148
12/05/2018,02:09:00,1.13317,1.13325,1.13317,1.13319,1.1333,1.13338,1.1333,1.13333,89
12/05/2018,02:10:00,1.13319,1.13327,1.13319,1.13324,1.13333,1.1334,1.13332,1.13337,82
12/05/2018,02:11:00,1.13324,1.13325,1.13319,1.13321,1.13337,1.13337,1.13332,1.13334,38
12/05/2018,02:12:00,1.13321,1.13323,1.13309,1.13316,1.13334,1.13336,1.13322,1.13329,99
12/05/2018,02:13:00,1.13316,1.13324,1.13315,1.13319,1.13329,1.13338,1.13328,1.13331,96
12/05/2018,02:14:00,1.13319,1.13321,1.13319,1.13319,1.13331,1.13333,1.13331,1.13332,20
12/05/2018,02:15:00,1.13319,1.1332,1.13319,1.13319,1.13332,1.13332,1.13331,1.13332,8
12/05/2018,02:16:00,1.13319,1.1332,1.13315,1.13316,1.13332,1.13332,1.13328,1.13328,41
12/05/2018,02:17:00,1.13316,1.13321,1.13316,1.1332,1.13328,1.13334,1.13328,1.13333,23
12/05/2018,02:18:00,1.1332,1.13325,1.1332,1.13325,1.13333,1.13339,1.13333,1.13339,41
12/05/2018,02:19:00,1.13325,1.13325,1.1332,1.13324,1.13339,1.13339,1.13334,1.13335,33
12/05/2018,02:20:00,1.13324,1.13327,1.13324,1.13325,1.13335,1.13339,1.13335,1.13338,26
12/05/2018,02:21:00,1.13325,1.13325,1.13324,1.13324,1.13338,1.13338,1.13337,1.13337,7
12/05/2018,02:22:00,1.13324,1.13329,1.13319,1.13325,1.13337,1.13342,1.13332,1.13338,71
12/05/2018,02:23:00,1.13325,1.13333,1.13325,1.13331,1.13338,1.13345,1.13338,1.13343,66
12/05/2018,02:24:00,1.13331,1.13333,1.13324,1.13329,1.13343,1.13344,1.13337,1.13341,39
12/05/2018,02:25:00,1.13329,1.1334,1.13325,1.1334,1.13341,1.13353,1.13337,1.13353,62
12/05/2018,02:26:00,1.1334,1.1334,1.1333,1.13332,1.13353,1.13353,1.13343,1.13345,90
12/05/2018,02:27:00,1.13332,1.13346,1.13331,1.13346,1.13345,1.13359,1.13344,1.13358,76
12/05/2018,02:28:00,1.13346,1.13346,1.13343,1.13346,1.13358,1.13359,1.13356,1.13358,35
12/05/2018,02:29:00,1.13346,1.13346,1.13332,1.13336,1.13358,1.1336,1.13344,1.13348,81
12/05/2018,02:30:00,1.13336,1.13336,1.13328,1.1333,1.13348,1.13349,1.13341,1.13344,83
12/05/2018,02:31:00,1.1333,1.1333,1.13329,1.13329,1.13344,1.13344,1.13342,1.13342,32
12/05/2018,02:32:00,1.13329,1.1333,1.13327,1.13329,1.13342,1.13343,1.1334,1.13342,35
12/05/2018,02:33:00,1.13329,1.13329,1.13326,1.13326,1.13342,1.13343,1.13338,1.13339,19
12/05/2018,02:34:00,1.13326,1.13329,1.13323,1.13326,1.13339,1.13343,1.13337,1.13339,49
12/05/2018,02:35:00,1.13326,1.1333,1.13325,1.13329,1.13339,1.13342,1.13338,1.13342,59
12/05/2018,02:36:00,1.13329,1.13339,1.13328,1.13334,1.13342,1.13352,1.13341,1.13347,63
12/05/2018,02:37:00,1.13334,1.13337,1.13334,1.13336,1.13347,1.13351,1.13347,1.13349,80
12/05/2018,02:38:00,1.13336,1.13336,1.13332,1.13335,1.13349,1.13349,1.13345,1.13348,65
12/05/2018,02:39:00,1.13335,1.13336,1.13334,1.13335,1.13348,1.13349,1.13347,1.13348,12
12/05/2018,02:40:00,1.13335,1.13336,1.13328,1.13333,1.13348,1.13348,1.13342,1.13346,46
12/05/2018,02:41:00,1.13333,1.13335,1.1333,1.13334,1.13346,1.13349,1.13343,1.13347,42
12/05/2018,02:42:00,1.13334,1.13334,1.13328,1.13328,1.13347,1.13347,1.13341,1.13341,65
12/05/2018,02:43:00,1.13328,1.13332,1.13324,1.13325,1.13341,1.13345,1.13337,1.13338,42
12/05/2018,02:44:00,1.13325,1.13328,1.1332,1.13328,1.13338,1.13341,1.13333,1.13341,69
12/05/2018,02:45:00,1.13328,1.13328,1.1332,1.1332,1.13341,1.13341,1.13332,1.13333,34
12/05/2018,02:46:00,1.1332,1.1332,1.13319,1.13319,1.13333,1.13333,1.13332,1.13332,8
12/05/2018,02:47:00,1.13319,1.1332,1.13309,1.1331,1.13332,1.13333,1.13321,1.13323,98
12/05/2018,02:48:00,1.1331,1.1331,1.13303,1.13304,1.13323,1.13323,1.13315,1.13318,49
12/05/2018,02:49:00,1.13304,1.13305,1.13304,1.13305,1.13318,1.13318,1.13317,1.13318,11
12/05/2018,02:50:00,1.13305,1.13318,1.13304,1.13315,1.13318,1.13329,1.13317,1.13328,78
12/05/2018,02:51:00,1.13315,1.13319,1.1331,1.13313,1.13328,1.13332,1.13323,1.13326,55
12/05/2018,02:52:00,1.13313,1.13313,1.13305,1.13306,1.13326,1.13326,1.13318,1.13319,99
12/05/2018,02:53:00,1.13306,1.13312,1.13305,1.1331,1.13319,1.13325,1.13318,1.13324,37
12/05/2018,02:54:00,1.1331,1.13315,1.1331,1.13314,1.13324,1.13328,1.13323,1.13327,35
12/05/2018,02:55:00,1.13314,1.13316,1.13309,1.13312,1.13327,1.13329,1.13322,1.13324,55
12/05/2018,02:56:00,1.13312,1.13313,1.13312,1.13313,1.13324,1.13326,1.13324,1.13326,9
12/05/2018,02:57:00,1.13313,1.13313,1.13309,1.13312,1.13326,1.13326,1.13322,1.13324,51
12/05/2018,02:58:00,1.13312,1.13315,1.1331,1.13311,1.13324,1.13329,1.1332,1.13324,59
12/05/2018,02:59:00,1.13311,1.13312,1.1328,1.1328,1.13324,1.13325,1.13293,1.13293,301
12/05/2018,03:00:00,1.1328,1.13291,1.13279,1.1329,1.13293,1.13304,1.13291,1.13303,187
12/05/2018,03:01:00,1.1329,1.13293,1.13284,1.13289,1.13303,1.13304,1.13296,1.13302,52
12/05/2018,03:02:00,1.13289,1.13291,1.13289,1.13291,1.13302,1.13304,1.13302,1.13304,5
12/05/2018,03:03:00,1.13291,1.13293,1.13277,1.13289,1.13304,1.13307,1.1329,1.13302,116
12/05/2018,03:04:00,1.13289,1.13289,1.13278,1.13279,1.13302,1.13302,1.1329,1.13292,104
12/05/2018,03:05:00,1.13279,1.13281,1.1327,1.13275,1.13292,1.13293,1.13283,1.13288,108
12/05/2018,03:06:00,1.13275,1.13275,1.13264,1.13265,1.13288,1.13288,1.13277,1.13278,68
12/05/2018,03:07:00,1.13265,1.13265,1.13244,1.13257,1.13278,1.13278,1.13256,1.1327,233
12/05/2018,03:08:00,1.13257,1.13264,1.13243,1.13245,1.1327,1.13273,1.13256,1.13258,175
12/05/2018,03:09:00,1.13245,1.13249,1.13243,1.13245,1.13258,1.13262,1.13256,1.13257,97
12/05/2018,03:10:00,1.13245,1.13245,1.13222,1.1323,1.13257,1.13257,1.13235,1.13242,297
12/05/2018,03:11:00,1.1323,1.13244,1.13229,1.13241,1.13242,1.13257,1.13242,1.13254,141
12/05/2018,03:12:00,1.13241,1.13263,1.13241,1.1326,1.13254,1.13275,1.13254,1.13271,128
12/05/2018,03:13:00,1.1326,1.13268,1.1326,1.13264,1.13271,1.13279,1.13271,1.13278,45
12/05/2018,03:14:00,1.13264,1.13267,1.13259,1.13265,1.13278,1.1328,1.13272,1.13279,51
12/05/2018,03:15:00,1.13265,1.13269,1.13263,1.13263,1.13279,1.13282,1.13276,1.13276,48
12/05/2018,03:16:00,1.13263,1.13278,1.13263,1.13274,1.13276,1.13289,1.13276,1.13287,58
12/05/2018,03:17:00,1.13274,1.13277,1.13274,1.13277,1.13287,1.13289,1.13287,1.13289,32
12/05/2018,03:18:00,1.13277,1.13277,1.13249,1.13258,1.13289,1.13289,1.13261,1.13271,177
12/05/2018,03:19:00,1.13258,1.13272,1.13258,1.13265,1.13271,1.13282,1.13271,1.13279,105
12/05/2018,03:20:00,1.13265,1.13282,1.13265,1.13282,1.13279,1.13294,1.13278,1.13294,161
12/05/2018,03:21:00,1.13282,1.13287,1.13275,1.13283,1.13294,1.13299,1.13287,1.13293,140
12/05/2018,03:22:00,1.13283,1.13298,1.1328,1.13296,1.13293,1.1331,1.13293,1.13309,110
12/05/2018,03:23:00,1.13296,1.13299,1.1326,1.13294,1.13309,1.13311,1.13274,1.13306,239
12/05/2018,03:24:00,1.13294,1.13305,1.13291,1.13304,1.13306,1.13319,1.13304,1.13318,154
12/05/2018,03:25:00,1.13304,1.13311,1.13297,1.1331,1.13318,1.13324,1.13309,1.13324,124
12/05/2018,03:26:00,1.1331,1.13319,1.1331,1.13315,1.13324,1.13332,1.13324,1.13328,67
12/05/2018,03:27:00,1.13315,1.1332,1.13315,1.1332,1.13328,1.13331,1.13328,1.13331,79
12/05/2018,03:28:00,1.1332,1.1333,1.13319,1.13328,1.13331,1.13342,1.13331,1.1334,141
12/05/2018,03:29:00,1.13328,1.1333,1.13326,1.13326,1.1334,1.13342,1.13338,1.13339,202
12/05/2018,03:30:00,1.13326,1.13326,1.13315,1.13315,1.13339,1.13339,1.13328,1.13328,55
12/05/2018,03:31:00,1.13315,1.1332,1.13313,1.13315,1.13328,1.13331,1.13326,1.13328,49
12/05/2018,03:32:00,1.13315,1.1332,1.13315,1.1332,1.13328,1.13331,1.13328,1.13331,25
12/05/2018,03:33:00,1.1332,1.13326,1.13319,1.13325,1.13331,1.13338,1.13331,1.13338,41
12/05/2018,03:34:00,1.13325,1.1333,1.13322,1.1333,1.13338,1.13342,1.13334,1.13342,58
12/05/2018,03:35:00,1.1333,1.13331,1.13325,1.13326,1.13342,1.13342,1.13338,1.13338,61
12/05/2018,03:36:00,1.13326,1.13327,1.13325,1.13326,1.13338,1.13339,1.13337,1.13339,17
12/05/2018,03:37:00,1.13326,1.13326,1.13325,1.13325,1.13339,1.1334,1.13338,1.13338,12
12/05/2018,03:38:00,1.13325,1.13331,1.13322,1.13327,1.13338,1.13344,1.13335,1.1334,67
12/05/2018,03:39:00,1.13327,1.13327,1.13322,1.13325,1.1334,1.1334,1.13334,1.13338,32
12/05/2018,03:40:00,1.13325,1.1333,1.13322,1.13329,1.13338,1.13342,1.13335,1.13342,44
12/05/2018,03:41:00,1.13329,1.1333,1.13317,1.13319,1.13342,1.13342,1.13329,1.13332,61
12/05/2018,03:42:00,1.13319,1.13319,1.13308,1.13308,1.13332,1.13332,1.13321,1.13321,76
12/05/2018,03:43:00,1.13308,1.13308,1.1328,1.13304,1.13321,1.13321,1.13292,1.13317,223
12/05/2018,03:44:00,1.13304,1.13309,1.133,1.13307,1.13317,1.13322,1.13312,1.1332,173
12/05/2018,03:45:00,1.13307,1.13308,1.13299,1.13302,1.1332,1.13321,1.13312,1.13315,104
12/05/2018,03:46:00,1.13302,1.13311,1.133,1.13309,1.13315,1.13324,1.13312,1.13322,102
12/05/2018,03:47:00,1.13309,1.13315,1.13309,1.13315,1.13322,1.13327,1.13322,1.13327,42
12/05/2018,03:48:00,1.13315,1.13321,1.13314,1.13315,1.13327,1.13333,1.13327,1.13327,57
12/05/2018,03:49:00,1.13315,1.13315,1.13312,1.13313,1.13327,1.13327,1.13324,1.13326,36
12/05/2018,03:50:00,1.13313,1.13314,1.1331,1.13311,1.13326,1.13326,1.13323,1.13324,13
12/05/2018,03:51:00,1.13311,1.13312,1.13305,1.13306,1.13324,1.13324,1.13319,1.13319,14
12/05/2018,03:52:00,1.13306,1.1331,1.13305,1.1331,1.13319,1.13321,1.13318,1.13321,35
12/05/2018,03:53:00,1.1331,1.13319,1.13308,1.13311,1.13321,1.13331,1.1332,1.13324,132
12/05/2018,03:54:00,1.13311,1.13311,1.13306,1.13306,1.13324,1.13324,1.13319,1.13319,58
12/05/2018,03:55:00,1.13306,1.13306,1.13305,1.13306,1.13319,1.13319,1.13319,1.13319,2
12/05/2018,03:56:00,1.13306,1.13309,1.133,1.13308,1.13319,1.13322,1.13313,1.13321,101
12/05/2018,03:57:00,1.13308,1.13309,1.13294,1.133,1.13321,1.13321,1.13306,1.13313,87
12/05/2018,03:58:00,1.133,1.13306,1.133,1.13303,1.13313,1.13319,1.13312,1.13316,61
12/05/2018,03:59:00,1.13303,1.13303,1.13285,1.13296,1.13316,1.13316,1.13297,1.13309,78
12/05/2018,04:00:00,1.13296,1.13311,1.13295,1.13309,1.13309,1.13324,1.13306,1.13322,88
12/05/2018,04:01:00,1.13309,1.1331,1.1329,1.1329,1.13322,1.13323,1.13302,1.13302,85
12/05/2018,04:02:00,1.1329,1.13295,1.13283,1.1329,1.13302,1.13309,1.13296,1.13301,110
12/05/2018,04:03:00,1.1329,1.133,1.1329,1.13299,1.13301,1.13312,1.13301,1.13311,41
12/05/2018,04:04:00,1.13299,1.13329,1.13298,1.1332,1.13311,1.1334,1.1331,1.13334,225
12/05/2018,04:05:00,1.1332,1.13329,1.13313,1.13317,1.13334,1.1334,1.13325,1.13329,93
12/05/2018,04:06:00,1.13317,1.1332,1.13287,1.13289,1.13329,1.13332,1.13299,1.13301,164
12/05/2018,04:07:00,1.13289,1.13296,1.13282,1.13292,1.13301,1.13308,1.13295,1.13305,153
12/05/2018,04:08:00,1.13292,1.13301,1.13292,1.13301,1.13305,1.13313,1.13303,1.13313,115
12/05/2018,04:09:00,1.13301,1.13301,1.1329,1.13294,1.13313,1.13314,1.13304,1.13307,49
12/05/2018,04:10:00,1.13294,1.13295,1.13281,1.13284,1.13307,1.13307,1.13294,1.13296,57
12/05/2018,04:11:00,1.13284,1.13284,1.1327,1.13278,1.13296,1.13296,1.13283,1.13291,70
12/05/2018,04:12:00,1.13278,1.13278,1.13265,1.13266,1.13291,1.13291,1.13278,1.13279,168
12/05/2018,04:13:00,1.13266,1.13272,1.13265,1.1327,1.13279,1.13285,1.13278,1.13283,77
12/05/2018,04:14:00,1.1327,1.13272,1.13269,1.13269,1.13283,1.13284,1.1328,1.13281,44
12/05/2018,04:15:00,1.13269,1.13278,1.13265,1.13276,1.13281,1.1329,1.13278,1.13288,81
12/05/2018,04:16:00,1.13276,1.1329,1.13274,1.1329,1.13288,1.13302,1.13287,1.13302,41
12/05/2018,04:17:00,1.1329,1.13297,1.13286,1.13287,1.13302,1.1331,1.13299,1.133,99
12/05/2018,04:18:00,1.13287,1.13296,1.13279,1.13279,1.133,1.13308,1.13292,1.13292,123
12/05/2018,04:19:00,1.13279,1.1328,1.13274,1.13276,1.13292,1.13292,1.13286,1.13289,23
12/05/2018,04:20:00,1.13276,1.1328,1.13275,1.13277,1.13289,1.13291,1.13289,1.13289,50
12/05/2018,04:21:00,1.13277,1.1328,1.1327,1.13278,1.13289,1.13291,1.13284,1.13291,54
12/05/2018,04:22:00,1.13278,1.13281,1.13277,1.1328,1.13291,1.13295,1.1329,1.13293,24
12/05/2018,04:23:00,1.1328,1.1328,1.13276,1.13279,1.13293,1.13293,1.13288,1.13292,46
12/05/2018,04:24:00,1.13279,1.13287,1.13276,1.13283,1.13292,1.13299,1.13288,1.13295,91
12/05/2018,04:25:00,1.13283,1.13283,1.13275,1.13278,1.13295,1.13295,1.13288,1.1329,33
12/05/2018,04:26:00,1.13278,1.13283,1.13276,1.13281,1.1329,1.13296,1.13288,1.13294,39
12/05/2018,04:27:00,1.13281,1.13288,1.13277,1.13277,1.13294,1.13301,1.1329,1.1329,75
12/05/2018,04:28:00,1.13277,1.13286,1.13277,1.13283,1.1329,1.13299,1.1329,1.13296,85
12/05/2018,04:29:00,1.13283,1.13286,1.13282,1.13285,1.13296,1.13299,1.13294,1.13299,70
12/05/2018,04:30:00,1.13285,1.13286,1.13283,1.13285,1.13299,1.13299,1.13294,1.13298,62
12/05/2018,04:31:00,1.13285,1.13286,1.13282,1.13284,1.13298,1.133,1.13296,1.13297,68
12/05/2018,04:32:00,1.13284,1.13285,1.13281,1.13281,1.13297,1.13298,1.13293,1.13294,75
12/05/2018,04:33:00,1.13281,1.13282,1.13281,1.13282,1.13294,1.13296,1.13292,1.13295,24
12/05/2018,04:34:00,1.13282,1.13285,1.13281,1.13283,1.13295,1.13298,1.13295,1.13296,55
12/05/2018,04:35:00,1.13283,1.13285,1.13271,1.13276,1.13296,1.13297,1.13281,1.13289,95
12/05/2018,04:36:00,1.13276,1.13279,1.13275,1.13276,1.13289,1.1329,1.13289,1.13289,24
12/05/2018,04:37:00,1.13276,1.13277,1.13272,1.13276,1.13289,1.1329,1.13286,1.13289,55
12/05/2018,04:38:00,1.13276,1.13279,1.13276,1.13277,1.13289,1.13292,1.13289,1.13289,34
12/05/2018,04:39:00,1.13277,1.1328,1.1326,1.1326,1.13289,1.13292,1.13274,1.13274,75
12/05/2018,04:40:00,1.1326,1.13264,1.1325,1.13251,1.13274,1.13275,1.13264,1.13264,83
12/05/2018,04:41:00,1.13251,1.13251,1.13232,1.13234,1.13264,1.13264,1.13245,1.13248,140
12/05/2018,04:42:00,1.13234,1.13236,1.13224,1.13236,1.13248,1.13248,1.13236,1.13247,138
12/05/2018,04:43:00,1.13236,1.13241,1.13234,1.13238,1.13247,1.13253,1.13246,1.13252,67
12/05/2018,04:44:00,1.13238,1.13243,1.13234,1.13242,1.13252,1.13255,1.13247,1.13254,55
12/05/2018,04:45:00,1.13242,1.1325,1.13242,1.13248,1.13254,1.13261,1.13254,1.13259,51
12/05/2018,04:46:00,1.13248,1.1326,1.13248,1.13258,1.13259,1.13272,1.13259,1.13271,100
12/05/2018,04:47:00,1.13258,1.13266,1.13235,1.13235,1.13271,1.13279,1.13248,1.13248,119
12/05/2018,04:48:00,1.13235,1.13248,1.13235,1.13239,1.13248,1.13262,1.13247,1.13252,144
12/05/2018,04:49:00,1.13239,1.13242,1.13224,1.13237,1.13252,1.13254,1.13237,1.1325,99
12/05/2018,04:50:00,1.13237,1.13241,1.1323,1.13234,1.1325,1.13253,1.13243,1.13247,92
12/05/2018,04:51:00,1.13234,1.13235,1.13234,1.13235,1.13247,1.13247,1.13247,1.13247,1
12/05/2018,04:52:00,1.13235,1.13235,1.1323,1.13235,1.13247,1.13248,1.13242,1.13248,41
12/05/2018,04:53:00,1.13235,1.1324,1.13233,1.13235,1.13248,1.13253,1.13247,1.13248,31
12/05/2018,04:54:00,1.13235,1.13241,1.13226,1.1324,1.13248,1.13253,1.13238,1.13253,128
12/05/2018,04:55:00,1.1324,1.13256,1.1324,1.13251,1.13253,1.13267,1.13253,1.13264,117
12/05/2018,04:56:00,1.13251,1.13273,1.13251,1.13261,1.13264,1.13283,1.13264,1.13274,160
12/05/2018,04:57:00,1.13261,1.13269,1.1326,1.13269,1.13274,1.13282,1.13273,1.13282,94
12/05/2018,04:58:00,1.13269,1.13272,1.13265,1.13268,1.13282,1.13284,1.13278,1.13282,60
12/05/2018,04:59:00,1.13268,1.1328,1.13268,1.13277,1.13282,1.13292,1.13282,1.13289,101
12/05/2018,05:00:00,1.13277,1.1328,1.1326,1.13261,1.13289,1.13292,1.13273,1.13273,118
12/05/2018,05:01:00,1.13261,1.13261,1.13216,1.13216,1.13273,1.13273,1.1323,1.1323,237
12/05/2018,05:02:00,1.13216,1.13218,1.13201,1.13205,1.1323,1.13231,1.13213,1.13217,300
12/05/2018,05:03:00,1.13205,1.13216,1.13205,1.13215,1.13217,1.1323,1.13217,1.13228,32
12/05/2018,05:04:00,1.13215,1.13218,1.13205,1.13214,1.13228,1.13231,1.13219,1.13227,142
12/05/2018,05:05:00,1.13214,1.13218,1.132,1.13204,1.13227,1.13232,1.13212,1.13216,101
12/05/2018,05:06:00,1.13204,1.13204,1.13194,1.13196,1.13216,1.13216,1.13206,1.13208,82
12/05/2018,05:07:00,1.13196,1.13207,1.13193,1.13207,1.13208,1.13219,1.13206,1.13219,132
12/05/2018,05:08:00,1.13207,1.1322,1.13206,1.13215,1.13219,1.13233,1.13219,1.13228,98
12/05/2018,05:09:00,1.13215,1.13217,1.13211,1.13215,1.13228,1.1323,1.13224,1.13228,51
12/05/2018,05:10:00,1.13215,1.13215,1.13207,1.1321,1.13228,1.13228,1.13219,1.13222,38
12/05/2018,05:11:00,1.1321,1.1321,1.1319,1.13197,1.13222,1.13223,1.13201,1.13211,204
12/05/2018,05:12:00,1.13197,1.13198,1.13175,1.13185,1.13211,1.13211,1.13187,1.13199,234
12/05/2018,05:13:00,1.13185,1.13185,1.13175,1.13182,1.13199,1.13199,1.13189,1.13196,87
12/05/2018,05:14:00,1.13182,1.13187,1.13178,1.1318,1.13196,1.13199,1.1319,1.13193,54
12/05/2018,05:15:00,1.1318,1.13181,1.13176,1.13176,1.13193,1.13194,1.13188,1.13188,48
12/05/2018,05:16:00,1.13176,1.13185,1.13176,1.13185,1.13188,1.13196,1.13187,1.13196,49
12/05/2018,05:17:00,1.13185,1.13186,1.13183,1.13185,1.13196,1.13199,1.13195,1.13199,23
12/05/2018,05:18:00,1.13185,1.13186,1.13185,1.13186,1.13199,1.13199,1.13199,1.13199,13
12/05/2018,05:19:00,1.13186,1.13186,1.13185,1.13185,1.13199,1.13199,1.13198,1.13198,6
12/05/2018,05:20:00,1.13185,1.1323,1.13185,1.1323,1.13198,1.13243,1.13198,1.13241,255
12/05/2018,05:21:00,1.1323,1.13238,1.13225,1.13231,1.13241,1.1325,1.13236,1.13244,193
12/05/2018,05:22:00,1.13231,1.13231,1.1322,1.13226,1.13244,1.13245,1.13231,1.13238,139
12/05/2018,05:23:00,1.13226,1.13231,1.13223,1.13229,1.13238,1.13244,1.13236,1.13242,120
12/05/2018,05:24:00,1.13229,1.13229,1.13219,1.13224,1.13242,1.13242,1.13231,1.13236,86
12/05/2018,05:25:00,1.13224,1.13225,1.132,1.13219,1.13236,1.13236,1.13211,1.13232,170
12/05/2018,05:26:00,1.13219,1.13226,1.13217,1.13226,1.13232,1.13239,1.13229,1.13237,65
12/05/2018,05:27:00,1.13226,1.13233,1.13225,1.13231,1.13237,1.13245,1.13236,1.13244,104
12/05/2018,05:28:00,1.13231,1.13232,1.1322,1.13225,1.13244,1.13244,1.13234,1.13239,77
12/05/2018,05:29:00,1.13225,1.13228,1.13208,1.13209,1.13239,1.1324,1.13219,1.13221,96
12/05/2018,05:30:00,1.13209,1.13219,1.13209,1.1321,1.13221,1.13231,1.13221,1.13224,95
12/05/2018,05:31:00,1.1321,1.13218,1.1321,1.1321,1.13224,1.1323,1.13221,1.13223,123
12/05/2018,05:32:00,1.1321,1.13241,1.1321,1.13241,1.13223,1.13254,1.13223,1.13254,129
12/05/2018,05:33:00,1.13241,1.13246,1.13226,1.13238,1.13254,1.13254,1.13239,1.13251,138
12/05/2018,05:34:00,1.13238,1.1324,1.13213,1.13213,1.13251,1.13251,1.13225,1.13225,162
12/05/2018,05:35:00,1.13213,1.1322,1.13211,1.13215,1.13225,1.13232,1.13223,1.13227,99
12/05/2018,05:36:00,1.13215,1.13221,1.13215,1.13217,1.13227,1.13234,1.13227,1.13229,153
12/05/2018,05:37:00,1.13217,1.13217,1.132,1.132,1.13229,1.13229,1.13211,1.13212,60
12/05/2018,05:38:00,1.132,1.13202,1.13176,1.13182,1.13212,1.13214,1.13188,1.13194,177
12/05/2018,05:39:00,1.13182,1.1319,1.1318,1.13187,1.13194,1.13203,1.13192,1.132,121
12/05/2018,05:40:00,1.13187,1.13199,1.13187,1.13198,1.132,1.13212,1.132,1.13211,65
12/05/2018,05:41:00,1.13198,1.13226,1.13198,1.13213,1.13211,1.13237,1.13211,1.13225,179
12/05/2018,05:42:00,1.13213,1.13213,1.13205,1.13211,1.13225,1.13225,1.13218,1.13224,41
12/05/2018,05:43:00,1.13211,1.13221,1.13211,1.13217,1.13224,1.13234,1.13224,1.13229,57
12/05/2018,05:44:00,1.13217,1.13227,1.13217,1.13225,1.13229,1.1324,1.13229,1.13237,70
12/05/2018,05:45:00,1.13225,1.13226,1.13218,1.1322,1.13237,1.13239,1.13231,1.13232,49
12/05/2018,05:46:00,1.1322,1.13231,1.1322,1.13231,1.13232,1.13243,1.13232,1.13243,235
12/05/2018,05:47:00,1.13231,1.13231,1.13219,1.13226,1.13243,1.13243,1.13232,1.13239,309
12/05/2018,05:48:00,1.13226,1.13232,1.1322,1.13224,1.13239,1.13245,1.13232,1.13237,87
12/05/2018,05:49:00,1.13224,1.13236,1.13223,1.13235,1.13237,1.13249,1.13235,1.13248,51
12/05/2018,05:50:00,1.13235,1.13236,1.13235,1.13236,1.13248,1.13249,1.13247,1.13248,20
12/05/2018,05:51:00,1.13236,1.13236,1.13221,1.13221,1.13248,1.13249,1.13232,1.13233,65
12/05/2018,05:52:00,1.13221,1.13227,1.13215,1.13225,1.13233,1.1324,1.13227,1.13237,128
12/05/2018,05:53:00,1.13225,1.1323,1.1319,1.1319,1.13237,1.13243,1.13201,1.13201,193
12/05/2018,05:54:00,1.1319,1.13197,1.13175,1.13176,1.13201,1.13209,1.13187,1.13189,237
12/05/2018,05:55:00,1.13176,1.13189,1.13176,1.1318,1.13189,1.13202,1.13188,1.13192,200
12/05/2018,05:56:00,1.1318,1.13186,1.13177,1.13183,1.13192,1.132,1.1319,1.13196,64
12/05/2018,05:57:00,1.13183,1.13189,1.13183,1.13185,1.13196,1.13201,1.13196,1.13198,38
12/05/2018,05:58:00,1.13185,1.13204,1.1318,1.1318,1.13198,1.13215,1.13192,1.13193,166
12/05/2018,05:59:00,1.1318,1.1319,1.1318,1.13189,1.13193,1.13202,1.13193,1.13201,133
12/05/2018,06:00:00,1.13189,1.13206,1.13189,1.13201,1.13201,1.13219,1.13201,1.13213,173
12/05/2018,06:01:00,1.13201,1.13201,1.13179,1.13185,1.13213,1.13214,1.13191,1.13197,103
12/05/2018,06:02:00,1.13185,1.13188,1.13172,1.13188,1.13197,1.13201,1.1318,1.13201,183
12/05/2018,06:03:00,1.13188,1.13201,1.13186,1.132,1.13201,1.13214,1.13199,1.13213,173
12/05/2018,06:04:00,1.132,1.13215,1.13199,1.13208,1.13213,1.13229,1.13212,1.13221,198
12/05/2018,06:05:00,1.13208,1.1321,1.132,1.13201,1.13221,1.13223,1.13213,1.13213,49
12/05/2018,06:06:00,1.13201,1.13208,1.13201,1.13203,1.13213,1.1322,1.13213,1.13215,417
12/05/2018,06:07:00,1.13203,1.13203,1.13184,1.13188,1.13215,1.13215,1.13196,1.132,205
12/05/2018,06:08:00,1.13188,1.1319,1.13185,1.13185,1.132,1.13201,1.13198,1.13198,32
12/05/2018,06:09:00,1.13185,1.13189,1.13185,1.13187,1.13198,1.13202,1.13198,1.132,36
12/05/2018,06:10:00,1.13187,1.13187,1.13175,1.13178,1.132,1.132,1.13186,1.13191,95
12/05/2018,06:11:00,1.13178,1.13186,1.13176,1.13183,1.13191,1.13199,1.13189,1.13195,98
12/05/2018,06:12:00,1.13183,1.13185,1.13176,1.13176,1.13195,1.13196,1.13188,1.13189,67
12/05/2018,06:13:00,1.13176,1.13176,1.13164,1.13165,1.13189,1.13189,1.13175,1.13178,179
12/05/2018,06:14:00,1.13165,1.1317,1.13163,1.13168,1.13178,1.13182,1.13174,1.13181,62
12/05/2018,06:15:00,1.13168,1.13176,1.13167,1.13176,1.13181,1.13188,1.13179,1.13187,103
12/05/2018,06:16:00,1.13176,1.13202,1.13174,1.13197,1.13187,1.13214,1.13187,1.1321,168
12/05/2018,06:17:00,1.13197,1.1321,1.13197,1.132,1.1321,1.13222,1.13209,1.13213,160
12/05/2018,06:18:00,1.132,1.132,1.13195,1.13196,1.13213,1.13213,1.13206,1.13209,18
12/05/2018,06:19:00,1.13196,1.13205,1.13186,1.13188,1.13209,1.13216,1.13199,1.13199,83
12/05/2018,06:20:00,1.13188,1.13189,1.13176,1.13186,1.13199,1.13201,1.13189,1.13199,108
12/05/2018,06:21:00,1.13186,1.13188,1.13171,1.13178,1.13199,1.132,1.13184,1.13191,171
12/05/2018,06:22:00,1.13178,1.13188,1.13175,1.13184,1.13191,1.13201,1.13184,1.13196,98
12/05/2018,06:23:00,1.13184,1.13191,1.1317,1.13191,1.13196,1.13204,1.13183,1.13204,187
12/05/2018,06:24:00,1.13191,1.13197,1.13185,1.13193,1.13204,1.13209,1.13197,1.13206,70
12/05/2018,06:25:00,1.13193,1.13206,1.13182,1.13206,1.13206,1.13219,1.13194,1.13219,99
12/05/2018,06:26:00,1.13206,1.13222,1.13203,1.13218,1.13219,1.13234,1.13216,1.1323,164
12/05/2018,06:27:00,1.13218,1.13222,1.1321,1.13221,1.1323,1.13235,1.13222,1.13234,99
12/05/2018,06:28:00,1.13221,1.13233,1.1322,1.13224,1.13234,1.13245,1.13234,1.13237,71
12/05/2018,06:29:00,1.13224,1.1324,1.13223,1.13239,1.13237,1.13253,1.13236,1.13252,92
12/05/2018,06:30:00,1.13239,1.13245,1.13231,1.13241,1.13252,1.13258,1.13244,1.13255,167
12/05/2018,06:31:00,1.13241,1.13259,1.13238,1.13259,1.13255,1.13272,1.13251,1.13272,206
12/05/2018,06:32:00,1.13259,1.13267,1.13247,1.13247,1.13272,1.13279,1.13259,1.13259,193
12/05/2018,06:33:00,1.13247,1.13247,1.13235,1.13243,1.13259,1.1326,1.13248,1.13255,124
12/05/2018,06:34:00,1.13243,1.13243,1.1324,1.13241,1.13255,1.13255,1.13253,1.13255,28
12/05/2018,06:35:00,1.13241,1.13251,1.1324,1.13247,1.13255,1.13265,1.13254,1.13259,98
12/05/2018,06:36:00,1.13247,1.13258,1.13245,1.13257,1.13259,1.1327,1.13257,1.13266,96
12/05/2018,06:37:00,1.13257,1.13277,1.13257,1.13276,1.13266,1.1329,1.13266,1.13289,90
12/05/2018,06:38:00,1.13276,1.13276,1.13265,1.13267,1.13289,1.1329,1.13278,1.1328,118
12/05/2018,06:39:00,1.13267,1.13272,1.13264,1.13264,1.1328,1.13284,1.13276,1.13276,53
12/05/2018,06:40:00,1.13264,1.13266,1.13244,1.13253,1.13276,1.13279,1.13257,1.13267,154
12/05/2018,06:41:00,1.13253,1.13255,1.13237,1.13255,1.13267,1.13267,1.1325,1.13266,168
12/05/2018,06:42:00,1.13255,1.1327,1.13254,1.13264,1.13266,1.13281,1.13266,1.13277,171
12/05/2018,06:43:00,1.13264,1.1328,1.13264,1.13271,1.13277,1.13292,1.13276,1.13284,130
12/05/2018,06:44:00,1.13271,1.13281,1.13271,1.13275,1.13284,1.13294,1.13284,1.13289,166
12/05/2018,06:45:00,1.13275,1.13276,1.13267,1.1327,1.13289,1.1329,1.13281,1.13284,85
12/05/2018,06:46:00,1.1327,1.13281,1.13261,1.13278,1.13284,1.13294,1.13274,1.1329,118
12/05/2018,06:47:00,1.13278,1.13287,1.13274,1.13284,1.1329,1.13299,1.13287,1.13295,152
12/05/2018,06:48:00,1.13284,1.13286,1.1328,1.13284,1.13295,1.13299,1.13293,1.13297,112
12/05/2018,06:49:00,1.13284,1.13285,1.1328,1.13281,1.13297,1.13298,1.13293,1.13294,48
12/05/2018,06:50:00,1.13281,1.13289,1.13279,1.13286,1.13294,1.13302,1.13291,1.13299,82
12/05/2018,06:51:00,1.13286,1.13297,1.1328,1.13291,1.13299,1.1331,1.13293,1.13304,223
12/05/2018,06:52:00,1.13291,1.13291,1.1328,1.13284,1.13304,1.13304,1.13293,1.13294,121
12/05/2018,06:53:00,1.13284,1.13291,1.13279,1.1328,1.13294,1.13303,1.13292,1.13293,138
12/05/2018,06:54:00,1.1328,1.1329,1.1328,1.13289,1.13293,1.13302,1.13292,1.13301,96
12/05/2018,06:55:00,1.13289,1.13297,1.13285,1.13297,1.13301,1.1331,1.13297,1.13309,130
12/05/2018,06:56:00,1.13297,1.133,1.13295,1.13299,1.13309,1.13312,1.13308,1.13312,57
12/05/2018,06:57:00,1.13299,1.13308,1.13298,1.13306,1.13312,1.1332,1.1331,1.13319,106
12/05/2018,06:58:00,1.13306,1.13311,1.13306,1.13308,1.13319,1.13324,1.13318,1.13322,63
12/05/2018,06:59:00,1.13308,1.1331,1.13302,1.13305,1.13322,1.13322,1.13315,1.13318,143
12/05/2018,07:00:00,1.13305,1.13311,1.13299,1.13305,1.13318,1.13324,1.13312,1.13318,112
12/05/2018,07:01:00,1.13305,1.13311,1.13292,1.13292,1.13318,1.13325,1.13304,1.13304,152
12/05/2018,07:02:00,1.13292,1.13292,1.13259,1.13273,1.13304,1.13304,1.13273,1.13283,210
12/05/2018,07:03:00,1.13273,1.13293,1.13271,1.13291,1.13283,1.13306,1.13282,1.13304,143
12/05/2018,07:04:00,1.13291,1.13296,1.13286,1.13288,1.13304,1.13309,1.13299,1.133,83
12/05/2018,07:05:00,1.13288,1.1331,1.13288,1.1331,1.133,1.13322,1.133,1.13322,116
12/05/2018,07:06:00,1.1331,1.13311,1.13288,1.1329,1.13322,1.13322,1.133,1.13304,183
12/05/2018,07:07:00,1.1329,1.13294,1.13286,1.13288,1.13304,1.13306,1.13298,1.133,96
12/05/2018,07:08:00,1.13288,1.1329,1.13278,1.1328,1.133,1.13304,1.13288,1.13292,88
12/05/2018,07:09:00,1.1328,1.1328,1.13249,1.13261,1.13292,1.13292,1.1326,1.13274,171
12/05/2018,07:10:00,1.13261,1.13288,1.13261,1.13284,1.13274,1.13301,1.13274,1.13296,136
12/05/2018,07:11:00,1.13284,1.13285,1.13256,1.13258,1.13296,1.13298,1.13269,1.13271,220
12/05/2018,07:12:00,1.13258,1.13266,1.13256,1.13264,1.13271,1.13279,1.13269,1.13275,127
12/05/2018,07:13:00,1.13264,1.13266,1.13256,1.13256,1.13275,1.13278,1.13268,1.13268,148
12/05/2018,07:14:00,1.13256,1.13258,1.13244,1.13246,1.13268,1.13269,1.13256,1.13259,109
12/05/2018,07:15:00,1.13246,1.1325,1.1322,1.13235,1.13259,1.13263,1.13231,1.13247,249
12/05/2018,07:16:00,1.13235,1.13256,1.13231,1.13255,1.13247,1.13268,1.13243,1.13268,85
12/05/2018,07:17:00,1.13255,1.13267,1.13255,1.13259,1.13268,1.1328,1.13267,1.13271,237
12/05/2018,07:18:00,1.13259,1.13268,1.13256,1.13268,1.13271,1.1328,1.13268,1.1328,129
12/05/2018,07:19:00,1.13268,1.1327,1.13244,1.13249,1.1328,1.13281,1.13257,1.13261,121
12/05/2018,07:20:00,1.13249,1.13309,1.13247,1.13308,1.13261,1.13321,1.1326,1.13321,224
12/05/2018,07:21:00,1.13308,1.13309,1.13286,1.13287,1.13321,1.13321,1.13299,1.13301,111
12/05/2018,07:22:00,1.13287,1.13312,1.13278,1.1329,1.13301,1.13324,1.1329,1.13303,218
12/05/2018,07:23:00,1.1329,1.1329,1.13261,1.13263,1.13303,1.13303,1.13274,1.13276,180
12/05/2018,07:24:00,1.13263,1.13291,1.13261,1.13286,1.13276,1.13301,1.13274,1.13296,143
12/05/2018,07:25:00,1.13286,1.13291,1.13276,1.13276,1.13296,1.13301,1.13288,1.1329,136
12/05/2018,07:26:00,1.13276,1.13291,1.13273,1.13289,1.1329,1.13303,1.13285,1.13301,110
12/05/2018,07:27:00,1.13289,1.13291,1.13288,1.13289,1.13301,1.13303,1.133,1.13302,34
12/05/2018,07:28:00,1.13289,1.1329,1.13266,1.13266,1.13302,1.13302,1.13278,1.13278,219
12/05/2018,07:29:00,1.13266,1.13272,1.13259,1.1326,1.13278,1.13284,1.13271,1.13273,229
12/05/2018,07:30:00,1.1326,1.13266,1.13224,1.13231,1.13273,1.13278,1.13236,1.13244,315
12/05/2018,07:31:00,1.13231,1.13254,1.13231,1.13244,1.13244,1.13267,1.13243,1.13257,218
12/05/2018,07:32:00,1.13244,1.13267,1.13242,1.13265,1.13257,1.1328,1.13255,1.13279,181
12/05/2018,07:33:00,1.13265,1.13306,1.13265,1.13303,1.13279,1.1332,1.13279,1.13317,151
12/05/2018,07:34:00,1.13303,1.13341,1.13301,1.13341,1.13317,1.13354,1.13314,1.13354,366
12/05/2018,07:35:00,1.13341,1.13367,1.1334,1.13346,1.13354,1.13379,1.13353,1.13359,403
12/05/2018,07:36:00,1.13346,1.13353,1.13315,1.13315,1.13359,1.13365,1.13327,1.13329,266
12/05/2018,07:37:00,1.13315,1.13321,1.13306,1.1331,1.13329,1.13332,1.13318,1.13324,260
12/05/2018,07:38:00,1.1331,1.13326,1.13307,1.13321,1.13324,1.13339,1.13319,1.13334,177
12/05/2018,07:39:00,1.13321,1.13321,1.13295,1.13308,1.13334,1.13334,1.13307,1.1332,196
12/05/2018,07:40:00,1.13308,1.13313,1.13298,1.13308,1.1332,1.13324,1.13309,1.13321,180
12/05/2018,07:41:00,1.13308,1.13309,1.13305,1.13305,1.13321,1.13321,1.13317,1.13317,71
12/05/2018,07:42:00,1.13305,1.13306,1.13299,1.133,1.13317,1.13319,1.13311,1.13312,109
12/05/2018,07:43:00,1.133,1.13316,1.133,1.133,1.13312,1.13328,1.1331,1.13313,226
12/05/2018,07:44:00,1.133,1.13305,1.13297,1.13302,1.13313,1.13315,1.13308,1.13314,144
12/05/2018,07:45:00,1.13302,1.13302,1.13269,1.1327,1.13314,1.13314,1.13282,1.13283,148
12/05/2018,07:46:00,1.1327,1.13279,1.13265,1.13277,1.13283,1.13292,1.13277,1.13288,179
12/05/2018,07:47:00,1.13277,1.13284,1.13275,1.13283,1.13288,1.13297,1.13288,1.13293,107
12/05/2018,07:48:00,1.13283,1.13286,1.13277,1.13277,1.13293,1.13299,1.13289,1.13289,112
12/05/2018,07:49:00,1.13277,1.13312,1.13277,1.13311,1.13289,1.13324,1.13289,1.13321,219
12/05/2018,07:50:00,1.13311,1.13327,1.13311,1.13319,1.13321,1.13339,1.13321,1.13332,177
12/05/2018,07:51:00,1.13319,1.1332,1.133,1.13303,1.13332,1.13332,1.13313,1.13316,184
12/05/2018,07:52:00,1.13303,1.13308,1.13285,1.13286,1.13316,1.13321,1.13298,1.13298,147
12/05/2018,07:53:00,1.13286,1.1331,1.13286,1.13307,1.13298,1.13322,1.13298,1.13319,182
12/05/2018,07:54:00,1.13307,1.13307,1.13299,1.13305,1.13319,1.13319,1.1331,1.13317,116
12/05/2018,07:55:00,1.13305,1.13305,1.13259,1.13265,1.13317,1.13318,1.13271,1.13278,272
12/05/2018,07:56:00,1.13265,1.13275,1.13249,1.13272,1.13278,1.13288,1.13262,1.13285,294
12/05/2018,07:57:00,1.13272,1.13278,1.13259,1.13265,1.13285,1.13291,1.13271,1.13278,246
12/05/2018,07:58:00,1.13265,1.13268,1.13234,1.13238,1.13278,1.13279,1.13247,1.1325,229
12/05/2018,07:59:00,1.13238,1.13337,1.13238,1.13305,1.1325,1.13348,1.1325,1.13319,493
12/05/2018,08:00:00,1.13305,1.13305,1.13209,1.13223,1.13319,1.13319,1.13222,1.13235,488
12/05/2018,08:01:00,1.13223,1.13266,1.13222,1.13249,1.13235,1.13279,1.13234,1.13261,237
12/05/2018,08:02:00,1.13249,1.1329,1.13248,1.13282,1.13261,1.13301,1.13261,1.13294,206
12/05/2018,08:03:00,1.13282,1.13282,1.13256,1.13279,1.13294,1.13294,1.13267,1.13291,175
12/05/2018,08:04:00,1.13279,1.13298,1.13273,1.13297,1.13291,1.13311,1.13285,1.1331,157
12/05/2018,08:05:00,1.13297,1.13333,1.13297,1.13329,1.1331,1.13345,1.13308,1.13341,306
12/05/2018,08:06:00,1.13329,1.13341,1.13322,1.13336,1.13341,1.13355,1.13335,1.13349,280
12/05/2018,08:07:00,1.13336,1.1335,1.13322,1.13328,1.13349,1.13362,1.13333,1.1334,279
12/05/2018,08:08:00,1.13328,1.13351,1.13326,1.13346,1.1334,1.13364,1.13338,1.13357,170
12/05/2018,08:09:00,1.13346,1.13346,1.13329,1.13337,1.13357,1.13358,1.13341,1.13349,186
12/05/2018,08:10:00,1.13337,1.13344,1.13335,1.13336,1.13349,1.13356,1.13347,1.13348,104
12/05/2018,08:11:00,1.13336,1.13336,1.13316,1.13325,1.13348,1.13348,1.13328,1.13336,138
12/05/2018,08:12:00,1.13325,1.13338,1.1332,1.1332,1.13336,1.13349,1.13333,1.13333,232
12/05/2018,08:13:00,1.1332,1.1332,1.13285,1.13285,1.13333,1.13333,1.13296,1.13298,154
12/05/2018,08:14:00,1.13285,1.13285,1.13265,1.13268,1.13298,1.13298,1.13279,1.13281,214
12/05/2018,08:15:00,1.13268,1.13268,1.13253,1.13262,1.13281,1.13281,1.13267,1.13273,237
12/05/2018,08:16:00,1.13262,1.1327,1.1326,1.13267,1.13273,1.13282,1.13272,1.13279,150
12/05/2018,08:17:00,1.13267,1.13268,1.13261,1.13266,1.13279,1.13281,1.13274,1.13278,113
12/05/2018,08:18:00,1.13266,1.13268,1.13262,1.13267,1.13278,1.1328,1.13274,1.13279,95
12/05/2018,08:19:00,1.13267,1.13284,1.13262,1.13284,1.13279,1.13296,1.13274,1.13294,89
12/05/2018,08:20:00,1.13284,1.13302,1.13278,1.13302,1.13294,1.13315,1.13291,1.13314,216
12/05/2018,08:21:00,1.13302,1.13312,1.1328,1.1328,1.13314,1.13324,1.13293,1.13293,244
12/05/2018,08:22:00,1.1328,1.1328,1.1326,1.13273,1.13293,1.13293,1.13271,1.13284,162
12/05/2018,08:23:00,1.13273,1.1328,1.13267,1.13274,1.13284,1.13291,1.13278,1.13285,100
12/05/2018,08:24:00,1.13274,1.13275,1.13271,1.13271,1.13285,1.13286,1.13283,1.13284,66
12/05/2018,08:25:00,1.13271,1.13272,1.13263,1.13267,1.13284,1.13285,1.13276,1.13279,52
12/05/2018,08:26:00,1.13267,1.13268,1.13256,1.13257,1.13279,1.13279,1.13268,1.13269,112
12/05/2018,08:27:00,1.13257,1.13267,1.13256,1.13266,1.13269,1.13279,1.13269,1.13277,144
12/05/2018,08:28:00,1.13266,1.13282,1.13263,1.13281,1.13277,1.13295,1.13275,1.13295,79
12/05/2018,08:29:00,1.13281,1.13295,1.13281,1.13286,1.13295,1.13307,1.13294,1.13299,126
12/05/2018,08:30:00,1.13286,1.13305,1.13282,1.133,1.13299,1.13316,1.13294,1.13309,183
12/05/2018,08:31:00,1.133,1.13316,1.13291,1.13295,1.13309,1.13329,1.13304,1.13307,217
12/05/2018,08:32:00,1.13295,1.13318,1.13291,1.13316,1.13307,1.13329,1.13304,1.13329,127
12/05/2018,08:33:00,1.13316,1.13328,1.13315,1.13321,1.13329,1.1334,1.13328,1.13333,230
12/05/2018,08:34:00,1.13321,1.13341,1.13321,1.13334,1.13333,1.13353,1.13333,1.13347,153
12/05/2018,08:35:00,1.13334,1.13366,1.13334,1.13361,1.13347,1.13378,1.13345,1.13374,157
12/05/2018,08:36:00,1.13361,1.13361,1.13335,1.13337,1.13374,1.13374,1.13348,1.13349,138
12/05/2018,08:37:00,1.13337,1.13356,1.13335,1.13356,1.13349,1.13369,1.13348,1.13369,211
12/05/2018,08:38:00,1.13356,1.13361,1.13347,1.13361,1.13369,1.13374,1.13359,1.13373,141
12/05/2018,08:39:00,1.13361,1.13371,1.13352,1.13361,1.13373,1.13383,1.13364,1.13374,176
12/05/2018,08:40:00,1.13361,1.13362,1.13351,1.13351,1.13374,1.13375,1.13363,1.13363,91
12/05/2018,08:41:00,1.13351,1.13381,1.13351,1.13381,1.13363,1.13394,1.13363,1.13394,219
12/05/2018,08:42:00,1.13381,1.13385,1.1336,1.13368,1.13394,1.13398,1.13373,1.13381,226
12/05/2018,08:43:00,1.13368,1.13385,1.13359,1.13359,1.13381,1.13398,1.13372,1.13372,166
12/05/2018,08:44:00,1.13359,1.1338,1.13359,1.13369,1.13372,1.13391,1.13372,1.13381,89
12/05/2018,08:45:00,1.13369,1.1341,1.13368,1.13407,1.13381,1.13419,1.13381,1.13419,312
12/05/2018,08:46:00,1.13407,1.1342,1.134,1.13415,1.13419,1.13428,1.13413,1.13428,410
12/05/2018,08:47:00,1.13415,1.13416,1.13404,1.13416,1.13428,1.13429,1.13416,1.13429,121
12/05/2018,08:48:00,1.13416,1.13434,1.13405,1.13412,1.13429,1.13446,1.13419,1.13424,269
12/05/2018,08:49:00,1.13412,1.13431,1.13407,1.13428,1.13424,1.13444,1.13419,1.13441,271
12/05/2018,08:50:00,1.13428,1.13436,1.13406,1.13408,1.13441,1.13446,1.13418,1.13418,207
12/05/2018,08:51:00,1.13408,1.13408,1.13403,1.13405,1.13418,1.13418,1.13415,1.13417,111
12/05/2018,08:52:00,1.13405,1.13406,1.134,1.13403,1.13417,1.13417,1.13412,1.13415,72
12/05/2018,08:53:00,1.13403,1.1341,1.13403,1.13408,1.13415,1.13422,1.13414,1.13421,134
12/05/2018,08:54:00,1.13408,1.13415,1.13391,1.13393,1.13421,1.13427,1.13403,1.13405,220
12/05/2018,08:55:00,1.13393,1.13426,1.13391,1.1342,1.13405,1.13435,1.13404,1.13431,112
12/05/2018,08:56:00,1.1342,1.1342,1.13392,1.13399,1.13431,1.13432,1.13404,1.1341,102
12/05/2018,08:57:00,1.13399,1.13399,1.13389,1.13392,1.1341,1.13411,1.134,1.13405,117
12/05/2018,08:58:00,1.13392,1.13392,1.13365,1.13366,1.13405,1.13405,1.13377,1.13378,222
12/05/2018,08:59:00,1.13366,1.13373,1.13357,1.13373,1.13378,1.13386,1.13369,1.13385,233
12/05/2018,09:00:00,1.13373,1.13389,1.13364,1.13364,1.13385,1.13401,1.13377,1.13377,213
12/05/2018,09:01:00,1.13364,1.1337,1.13355,1.13359,1.13377,1.13383,1.13367,1.1337,88
12/05/2018,09:02:00,1.13359,1.13374,1.13356,1.13364,1.1337,1.13385,1.13368,1.13376,129
12/05/2018,09:03:00,1.13364,1.1338,1.13364,1.13379,1.13376,1.13391,1.13376,1.13391,125
12/05/2018,09:04:00,1.13379,1.13386,1.13375,1.13381,1.13391,1.13399,1.13388,1.13394,102
12/05/2018,09:05:00,1.13381,1.13392,1.1337,1.13382,1.13394,1.13405,1.13384,1.13394,139
12/05/2018,09:06:00,1.13382,1.13382,1.1336,1.13374,1.13394,1.13395,1.13374,1.13387,114
12/05/2018,09:07:00,1.13374,1.13387,1.13373,1.13387,1.13387,1.134,1.13386,1.13399,72
12/05/2018,09:08:00,1.13387,1.13387,1.13379,1.13385,1.13399,1.13399,1.13391,1.13398,82
12/05/2018,09:09:00,1.13385,1.13389,1.13384,1.13384,1.13398,1.13402,1.13397,1.13398,48
12/05/2018,09:10:00,1.13384,1.13389,1.13383,1.13385,1.13398,1.13402,1.13396,1.13397,50
12/05/2018,09:11:00,1.13385,1.13389,1.13382,1.13389,1.13397,1.13402,1.13394,1.13402,89
12/05/2018,09:12:00,1.13389,1.13389,1.13384,1.13384,1.13402,1.13402,1.13397,1.13398,67
12/05/2018,09:13:00,1.13384,1.13387,1.1338,1.13381,1.13398,1.134,1.13393,1.13394,87
12/05/2018,09:14:00,1.13381,1.13385,1.13376,1.13376,1.13394,1.13398,1.13389,1.13389,39
12/05/2018,09:15:00,1.13376,1.134,1.13376,1.134,1.13389,1.13412,1.13388,1.13412,121
12/05/2018,09:16:00,1.134,1.134,1.1339,1.1339,1.13412,1.13413,1.13403,1.13403,57
12/05/2018,09:17:00,1.1339,1.13391,1.13385,1.13389,1.13403,1.13404,1.13398,1.13401,56
12/05/2018,09:18:00,1.13389,1.13429,1.13389,1.13426,1.13401,1.13439,1.13401,1.13438,145
12/05/2018,09:19:00,1.13426,1.13435,1.13424,1.13435,1.13438,1.13448,1.13436,1.13447,113
12/05/2018,09:20:00,1.13435,1.1344,1.13387,1.13388,1.13447,1.13451,1.13399,1.134,191
12/05/2018,09:21:00,1.13388,1.13394,1.13375,1.13375,1.134,1.13405,1.13387,1.13388,145
12/05/2018,09:22:00,1.13375,1.13394,1.13375,1.13394,1.13388,1.13407,1.13387,1.13407,73
12/05/2018,09:23:00,1.13394,1.13398,1.13386,1.13394,1.13407,1.1341,1.13396,1.13406,146
12/05/2018,09:24:00,1.13394,1.13396,1.13379,1.13383,1.13406,1.13408,1.13392,1.13396,112
12/05/2018,09:25:00,1.13383,1.13389,1.1338,1.1338,1.13396,1.13402,1.13391,1.13392,83
12/05/2018,09:26:00,1.1338,1.1338,1.13375,1.13378,1.13392,1.13393,1.13389,1.13392,49
12/05/2018,09:27:00,1.13378,1.13382,1.13378,1.13378,1.13392,1.13393,1.13391,1.13391,39
12/05/2018,09:28:00,1.13378,1.13383,1.13378,1.1338,1.13391,1.13393,1.13391,1.13393,26
12/05/2018,09:29:00,1.1338,1.13389,1.1338,1.13386,1.13393,1.13401,1.13393,1.13399,91
12/05/2018,09:30:00,1.13386,1.13406,1.13379,1.13404,1.13399,1.13419,1.13391,1.13416,336
12/05/2018,09:31:00,1.13404,1.13415,1.13399,1.13405,1.13416,1.13428,1.13413,1.13419,116
12/05/2018,09:32:00,1.13405,1.13405,1.13389,1.13393,1.13419,1.13419,1.13401,1.13406,84
12/05/2018,09:33:00,1.13393,1.13402,1.13388,1.13402,1.13406,1.13416,1.13401,1.13415,111
12/05/2018,09:34:00,1.13402,1.13417,1.13402,1.13414,1.13415,1.13429,1.13415,1.13428,140
12/05/2018,09:35:00,1.13414,1.13432,1.13409,1.13419,1.13428,1.13444,1.13422,1.13431,134
12/05/2018,09:36:00,1.13419,1.1343,1.13418,1.13424,1.13431,1.13443,1.13431,1.13437,95
12/05/2018,09:37:00,1.13424,1.13435,1.1342,1.13434,1.13437,1.13449,1.13434,1.13446,103
12/05/2018,09:38:00,1.13434,1.13435,1.13408,1.13408,1.13446,1.13448,1.13421,1.13421,124
12/05/2018,09:39:00,1.13408,1.13409,1.13386,1.13388,1.13421,1.13422,1.13397,1.13401,115
12/05/2018,09:40:00,1.13388,1.13403,1.13388,1.13394,1.13401,1.13416,1.13401,1.13407,133
12/05/2018,09:41:00,1.13394,1.13397,1.13383,1.13383,1.13407,1.13409,1.13396,1.13396,76
12/05/2018,09:42:00,1.13383,1.134,1.13378,1.13395,1.13396,1.13413,1.13391,1.13408,124
12/05/2018,09:43:00,1.13395,1.13396,1.1339,1.13393,1.13408,1.13409,1.13402,1.13406,44
12/05/2018,09:44:00,1.13393,1.13395,1.13386,1.13389,1.13406,1.13406,1.13398,1.134,106
12/05/2018,09:45:00,1.13389,1.13393,1.13376,1.13381,1.134,1.13404,1.13386,1.13393,117
12/05/2018,09:46:00,1.13381,1.13381,1.13371,1.13376,1.13393,1.13394,1.13384,1.13388,89
12/05/2018,09:47:00,1.13376,1.13383,1.13365,1.13368,1.13388,1.13393,1.13377,1.13379,125
12/05/2018,09:48:00,1.13368,1.13369,1.13362,1.13369,1.13379,1.1338,1.13374,1.1338,61
12/05/2018,09:49:00,1.13369,1.13369,1.1335,1.13354,1.1338,1.1338,1.13362,1.13365,74
12/05/2018,09:50:00,1.13354,1.13355,1.13325,1.13329,1.13365,1.13367,1.13337,1.1334,205
12/05/2018,09:51:00,1.13329,1.13333,1.13327,1.13331,1.1334,1.13344,1.13339,1.13344,138
12/05/2018,09:52:00,1.13331,1.13349,1.13331,1.13348,1.13344,1.13362,1.13343,1.1336,146
12/05/2018,09:53:00,1.13348,1.13362,1.13348,1.13349,1.1336,1.13375,1.13359,1.13362,175
12/05/2018,09:54:00,1.13349,1.13365,1.13345,1.13355,1.13362,1.13378,1.13358,1.13366,149
12/05/2018,09:55:00,1.13355,1.13367,1.13355,1.13367,1.13366,1.13378,1.13366,1.13377,87
12/05/2018,09:56:00,1.13367,1.13386,1.13364,1.13386,1.13377,1.13398,1.13376,1.13398,110
12/05/2018,09:57:00,1.13386,1.13408,1.13378,1.13408,1.13398,1.13419,1.1339,1.13418,189
12/05/2018,09:58:00,1.13408,1.13408,1.13387,1.13387,1.13418,1.13421,1.134,1.134,143
12/05/2018,09:59:00,1.13387,1.13388,1.13364,1.13369,1.134,1.134,1.13375,1.1338,114
12/05/2018,10:00:00,1.13369,1.13379,1.13367,1.13378,1.1338,1.13388,1.13378,1.13388,148
12/05/2018,10:01:00,1.13378,1.13415,1.13376,1.13404,1.13388,1.13427,1.13388,1.13416,165
12/05/2018,10:02:00,1.13404,1.1342,1.13401,1.13419,1.13416,1.13433,1.13413,1.13432,175
12/05/2018,10:03:00,1.13419,1.13423,1.13415,1.13419,1.13432,1.13436,1.13428,1.13432,113
12/05/2018,10:04:00,1.13419,1.13423,1.13418,1.13419,1.13432,1.13435,1.13431,1.13432,63
12/05/2018,10:05:00,1.13419,1.1344,1.13419,1.13434,1.13432,1.13451,1.13432,1.13442,118
12/05/2018,10:06:00,1.13434,1.13434,1.13403,1.13406,1.13442,1.13443,1.13415,1.13418,111
12/05/2018,10:07:00,1.13406,1.13406,1.13398,1.13401,1.13418,1.13419,1.13411,1.13414,82
12/05/2018,10:08:00,1.13401,1.13401,1.13394,1.134,1.13414,1.13414,1.13407,1.13411,75
12/05/2018,10:09:00,1.134,1.13438,1.134,1.13428,1.13411,1.1345,1.13411,1.13441,195
12/05/2018,10:10:00,1.13428,1.13438,1.13427,1.13437,1.13441,1.13451,1.13439,1.13449,85
12/05/2018,10:11:00,1.13437,1.13449,1.13433,1.13444,1.13449,1.13463,1.13446,1.13457,152
12/05/2018,10:12:00,1.13444,1.13444,1.13413,1.13414,1.13457,1.13457,1.13425,1.13426,166
12/05/2018,10:13:00,1.13414,1.1344,1.13414,1.13438,1.13426,1.13453,1.13426,1.1345,124
12/05/2018,10:14:00,1.13438,1.1344,1.13424,1.13425,1.1345,1.13453,1.13435,1.13438,118
12/05/2018,10:15:00,1.13425,1.13437,1.1342,1.13437,1.13438,1.13449,1.13432,1.13449,66
12/05/2018,10:16:00,1.13437,1.13437,1.13418,1.13418,1.13449,1.13449,1.13431,1.13431,101
12/05/2018,10:17:00,1.13418,1.13419,1.13393,1.134,1.13431,1.13431,1.13406,1.13413,117
12/05/2018,10:18:00,1.134,1.13405,1.13394,1.13395,1.13413,1.13417,1.13407,1.13408,131
12/05/2018,10:19:00,1.13395,1.13395,1.13382,1.13384,1.13408,1.13408,1.13394,1.13397,83
12/05/2018,10:20:00,1.13384,1.1339,1.13378,1.13378,1.13397,1.13403,1.13389,1.1339,189
12/05/2018,10:21:00,1.13378,1.13383,1.13374,1.13383,1.1339,1.13395,1.13386,1.13395,120
12/05/2018,10:22:00,1.13383,1.13384,1.13373,1.13375,1.13395,1.13397,1.13386,1.13388,124
12/05/2018,10:23:00,1.13375,1.13384,1.13369,1.13376,1.13388,1.13396,1.13381,1.13389,122
12/05/2018,10:24:00,1.13376,1.13376,1.13364,1.13368,1.13389,1.1339,1.13377,1.1338,91
12/05/2018,10:25:00,1.13368,1.13387,1.13368,1.13381,1.1338,1.13396,1.1338,1.13394,215
12/05/2018,10:26:00,1.13381,1.13381,1.1337,1.13373,1.13394,1.13394,1.13382,1.13386,45
12/05/2018,10:27:00,1.13373,1.13374,1.13371,1.13373,1.13386,1.13386,1.13384,1.13386,30
12/05/2018,10:28:00,1.13373,1.13378,1.13373,1.13374,1.13386,1.1339,1.13385,1.13387,34
12/05/2018,10:29:00,1.13374,1.13378,1.13373,1.13377,1.13387,1.1339,1.13385,1.1339,54
12/05/2018,10:30:00,1.13377,1.13382,1.13375,1.13376,1.1339,1.13395,1.13388,1.1339,80
12/05/2018,10:31:00,1.13376,1.13382,1.13375,1.13378,1.1339,1.13393,1.13387,1.13391,44
12/05/2018,10:32:00,1.13378,1.13379,1.13372,1.13374,1.13391,1.13391,1.13386,1.13386,52
12/05/2018,10:33:00,1.13374,1.13374,1.1336,1.13362,1.13386,1.13386,1.13371,1.13376,104
12/05/2018,10:34:00,1.13362,1.1337,1.13359,1.13364,1.13376,1.13383,1.13373,1.13377,73
12/05/2018,10:35:00,1.13364,1.13372,1.13364,1.13365,1.13377,1.13385,1.13376,1.13376,89
12/05/2018,10:36:00,1.13365,1.13368,1.1336,1.13368,1.13376,1.1338,1.13372,1.1338,38
12/05/2018,10:37:00,1.13368,1.13368,1.13354,1.1336,1.1338,1.1338,1.13367,1.13373,84
12/05/2018,10:38:00,1.1336,1.13366,1.13357,1.13366,1.13373,1.13379,1.1337,1.13379,37
12/05/2018,10:39:00,1.13366,1.13366,1.13362,1.13366,1.13379,1.13379,1.13374,1.13378,53
12/05/2018,10:40:00,1.13366,1.13366,1.13354,1.13355,1.13378,1.13378,1.13366,1.13368,87
12/05/2018,10:41:00,1.13355,1.13364,1.13355,1.13364,1.13368,1.13377,1.13367,1.13375,64
12/05/2018,10:42:00,1.13364,1.13372,1.13362,1.13371,1.13375,1.13382,1.13372,1.13382,78
12/05/2018,10:43:00,1.13371,1.13383,1.1337,1.13376,1.13382,1.13395,1.13382,1.13388,169
12/05/2018,10:44:00,1.13376,1.13387,1.13376,1.13383,1.13388,1.13399,1.13388,1.13395,77
12/05/2018,10:45:00,1.13383,1.13386,1.13372,1.13377,1.13395,1.13398,1.13384,1.1339,116
12/05/2018,10:46:00,1.13377,1.13389,1.13377,1.1338,1.1339,1.13399,1.1339,1.13392,69
12/05/2018,10:47:00,1.1338,1.13382,1.13373,1.13377,1.13392,1.13394,1.13386,1.13389,86
12/05/2018,10:48:00,1.13377,1.13377,1.13363,1.13363,1.13389,1.13389,1.13376,1.13376,45
12/05/2018,10:49:00,1.13363,1.13372,1.13355,1.13358,1.13376,1.13384,1.13368,1.1337,129
12/05/2018,10:50:00,1.13358,1.13362,1.13354,1.13358,1.1337,1.13375,1.13367,1.1337,92
12/05/2018,10:51:00,1.13358,1.1336,1.13343,1.13344,1.1337,1.13372,1.13355,1.13357,109
12/05/2018,10:52:00,1.13344,1.13345,1.13339,1.13344,1.13357,1.13358,1.13351,1.13355,111
12/05/2018,10:53:00,1.13344,1.1335,1.13342,1.13348,1.13355,1.13361,1.13354,1.13361,113
12/05/2018,10:54:00,1.13348,1.13358,1.13345,1.13356,1.13361,1.1337,1.13358,1.13369,64
12/05/2018,10:55:00,1.13356,1.13367,1.13356,1.13367,1.13369,1.1338,1.13369,1.1338,63
12/05/2018,10:56:00,1.13367,1.13383,1.13367,1.13375,1.1338,1.13394,1.1338,1.13387,82
12/05/2018,10:57:00,1.13375,1.13392,1.13375,1.13392,1.13387,1.13404,1.13387,1.13401,135
12/05/2018,10:58:00,1.13392,1.13399,1.13381,1.13399,1.13401,1.13411,1.13392,1.13411,126
12/05/2018,10:59:00,1.13399,1.13426,1.13397,1.13425,1.13411,1.13436,1.13409,1.13436,288
12/05/2018,11:00:00,1.13425,1.13428,1.1341,1.13411,1.13436,1.1344,1.13422,1.13422,343
12/05/2018,11:01:00,1.13411,1.13447,1.13407,1.13445,1.13422,1.1346,1.13419,1.13457,261
12/05/2018,11:02:00,1.13445,1.13487,1.1331,1.13433,1.13457,1.13501,1.13325,1.13446,1416
12/05/2018,11:03:00,1.13433,1.13451,1.1341,1.13443,1.13446,1.13463,1.13422,1.13457,351
12/05/2018,11:04:00,1.13443,1.13475,1.13438,1.13473,1.13457,1.13488,1.13451,1.13486,212
12/05/2018,11:05:00,1.13473,1.13492,1.13472,1.13478,1.13486,1.13504,1.13486,1.13491,374
12/05/2018,11:06:00,1.13478,1.13486,1.13449,1.13452,1.13491,1.13499,1.13461,1.13464,229
12/05/2018,11:07:00,1.13452,1.1348,1.13447,1.13473,1.13464,1.13491,1.1346,1.13486,298
12/05/2018,11:08:00,1.13473,1.13519,1.13472,1.13517,1.13486,1.13533,1.13485,1.13529,367
12/05/2018,11:09:00,1.13517,1.13521,1.13478,1.13488,1.13529,1.13533,1.13491,1.13501,248
12/05/2018,11:10:00,1.13488,1.13512,1.13488,1.13512,1.13501,1.13524,1.13501,1.13524,157
12/05/2018,11:11:00,1.13512,1.13516,1.13506,1.13515,1.13524,1.13529,1.13519,1.13528,135
12/05/2018,11:12:00,1.13515,1.13544,1.13511,1.13536,1.13528,1.13556,1.13522,1.13548,380
12/05/2018,11:13:00,1.13536,1.13569,1.13535,1.13558,1.13548,1.13581,1.13547,1.1357,415
12/05/2018,11:14:00,1.13558,1.13568,1.13554,1.13559,1.1357,1.13578,1.13567,1.13572,170
12/05/2018,11:15:00,1.13559,1.13576,1.13559,1.1357,1.13572,1.13588,1.13571,1.13583,252
12/05/2018,11:16:00,1.1357,1.13575,1.13556,1.13559,1.13583,1.13588,1.13568,1.13571,211
12/05/2018,11:17:00,1.13559,1.13569,1.13554,1.13558,1.13571,1.1358,1.13566,1.1357,185
12/05/2018,11:18:00,1.13558,1.13562,1.13548,1.13553,1.1357,1.13573,1.1356,1.13565,147
12/05/2018,11:19:00,1.13553,1.13563,1.13544,1.13559,1.13565,1.13576,1.13557,1.13571,260
12/05/2018,11:20:00,1.13559,1.13559,1.13525,1.13539,1.13571,1.13572,1.13539,1.13551,288
12/05/2018,11:21:00,1.13539,1.13547,1.13527,1.13527,1.13551,1.13559,1.1354,1.1354,192
12/05/2018,11:22:00,1.13527,1.13538,1.13526,1.13533,1.1354,1.1355,1.13538,1.13545,94
12/05/2018,11:23:00,1.13533,1.13537,1.13532,1.13537,1.13545,1.1355,1.13544,1.13548,82
12/05/2018,11:24:00,1.13537,1.13538,1.13526,1.13526,1.13548,1.1355,1.13538,1.13538,207
12/05/2018,11:25:00,1.13526,1.13538,1.13526,1.13538,1.13538,1.13551,1.13538,1.13551,145
12/05/2018,11:26:00,1.13538,1.13549,1.13537,1.13542,1.13551,1.13561,1.13549,1.13555,110
12/05/2018,11:27:00,1.13542,1.13557,1.13542,1.13548,1.13555,1.1357,1.13555,1.1356,139
12/05/2018,11:28:00,1.13548,1.1355,1.13527,1.13548,1.1356,1.13561,1.1354,1.13561,195
12/05/2018,11:29:00,1.13548,1.1355,1.13532,1.13533,1.13561,1.13561,1.13545,1.13545,79
12/05/2018,11:30:00,1.13533,1.13538,1.13522,1.13523,1.13545,1.1355,1.13535,1.13535,108
12/05/2018,11:31:00,1.13523,1.13525,1.13511,1.13517,1.13535,1.13539,1.13525,1.1353,116
12/05/2018,11:32:00,1.13517,1.13533,1.13514,1.13529,1.1353,1.13546,1.13527,1.13541,71
12/05/2018,11:33:00,1.13529,1.13543,1.13512,1.13513,1.13541,1.13556,1.13524,1.13526,120
12/05/2018,11:34:00,1.13513,1.13517,1.13508,1.13517,1.13526,1.13529,1.13521,1.13529,92
12/05/2018,11:35:00,1.13517,1.13518,1.13503,1.13503,1.13529,1.1353,1.13515,1.13517,104
12/05/2018,11:36:00,1.13503,1.13512,1.13503,1.13512,1.13517,1.13525,1.13512,1.13525,78
12/05/2018,11:37:00,1.13512,1.13512,1.13502,1.13507,1.13525,1.13525,1.13515,1.13519,45
12/05/2018,11:38:00,1.13507,1.13519,1.13495,1.13519,1.13519,1.13532,1.13506,1.13531,134
12/05/2018,11:39:00,1.13519,1.13537,1.13517,1.13521,1.13531,1.13549,1.13529,1.13533,239
12/05/2018,11:40:00,1.13521,1.13542,1.1352,1.13538,1.13533,1.13554,1.13532,1.13551,145
12/05/2018,11:41:00,1.13538,1.1354,1.13534,1.13538,1.13551,1.13552,1.13546,1.13551,144
12/05/2018,11:42:00,1.13538,1.13538,1.13521,1.13521,1.13551,1.13551,1.13534,1.13534,201
12/05/2018,11:43:00,1.13521,1.13521,1.13507,1.13512,1.13534,1.13534,1.13519,1.13524,119
12/05/2018,11:44:00,1.13512,1.13515,1.13499,1.13506,1.13524,1.13527,1.13511,1.13519,212
12/05/2018,11:45:00,1.13506,1.13508,1.13484,1.13487,1.13519,1.13521,1.13496,1.135,169
12/05/2018,11:46:00,1.13487,1.13489,1.13475,1.1348,1.135,1.13501,1.13488,1.13492,191
12/05/2018,11:47:00,1.1348,1.1348,1.13471,1.13477,1.13492,1.13492,1.13484,1.1349,120
12/05/2018,11:48:00,1.13477,1.13503,1.13477,1.13492,1.1349,1.13516,1.13489,1.13506,199
12/05/2018,11:49:00,1.13492,1.13494,1.13482,1.13487,1.13506,1.13507,1.13495,1.13501,114
12/05/2018,11:50:00,1.13487,1.13507,1.13487,1.13503,1.13501,1.1352,1.13501,1.13515,158
12/05/2018,11:51:00,1.13503,1.13503,1.13492,1.13499,1.13515,1.13515,1.13505,1.13511,97
12/05/2018,11:52:00,1.13499,1.13525,1.13498,1.1352,1.13511,1.13538,1.13511,1.13532,226
12/05/2018,11:53:00,1.1352,1.13521,1.13492,1.13496,1.13532,1.13533,1.13505,1.13508,163
12/05/2018,11:54:00,1.13496,1.13516,1.13494,1.13513,1.13508,1.13528,1.13507,1.13526,142
12/05/2018,11:55:00,1.13513,1.1354,1.13513,1.13539,1.13526,1.13552,1.13525,1.13552,112
12/05/2018,11:56:00,1.13539,1.13542,1.1353,1.1354,1.13552,1.13554,1.13544,1.13553,142
12/05/2018,11:57:00,1.1354,1.13543,1.13528,1.13532,1.13553,1.13556,1.13542,1.13546,85
12/05/2018,11:58:00,1.13532,1.13543,1.1353,1.13542,1.13546,1.13556,1.13542,1.13555,139
12/05/2018,11:59:00,1.13542,1.13545,1.13537,1.13542,1.13555,1.13557,1.1355,1.13556,77
12/05/2018,12:00:00,1.13542,1.13549,1.13537,1.13537,1.13556,1.13562,1.13548,1.13548,123
